Nº;Id_Jogo;League;Season;Date;Rodada;Home;Away;Goals_H_HT;Goals_A_HT;TotalGoals_HT;Goals_H_FT;Goals_A_FT;TotalGoals_FT;Odd_H_HT;Odd_D_HT;Odd_A_HT;Odd_H_FT;Odd_D_FT;Odd_A_FT;Odd_Over05_FT;Odd_Under05_FT;Odd_Over15_FT;Odd_Under15_FT;Odd_Over25_FT;Odd_Under25_FT;Odd_BTTS_Yes;Odd_BTTS_No;Result_HT;Result_FT
1;7345482;Argentina Primera División;2024;2024-01-25 19:00:00;1;Instituto;Deportivo Riestra;0;0;0;0;0;0;3,25;1,8;4,5;2,3;2,88;3,6;1,14;5;1,63;2,1;3,1;1,36;2,5;1,5;D;D
2;7345483;Argentina Primera División;2024;2024-01-25 19:00:00;1;Tigre;Sarmiento;0;0;0;0;0;0;2,5;1,91;6;1,8;3,4;5,25;1,11;7;1,53;2,35;2,7;1,44;2,5;1,5;D;D
3;7345484;Argentina Primera División;2024;2024-01-25 21:15:00;1;Atlético Tucumán;Rosario Central;0;1;1;1;1;2;2,88;1,91;4,75;2,05;3;4,2;1,12;7;1,56;2,38;2,7;1,44;2,2;1,62;A;D
4;7345485;Argentina Primera División;2024;2024-01-25 21:15:00;1;Central Córdoba SdE;Newell's Old Boys;0;0;0;0;1;1;4,33;1,8;3,6;3,3;2,8;2,6;1,13;6,5;1,72;2,09;3,4;1,33;2,5;1,5;D;A
5;7345486;Argentina Primera División;2024;2024-01-26 18:00:00;1;Barracas Central;Vélez Sarsfield;1;1;2;1;1;2;4,33;1,8;3,5;3,3;2,8;2,45;1,15;6;1,72;2,09;3,4;1,33;2,5;1,5;D;D
6;7345487;Argentina Primera División;2024;2024-01-26 19:00:00;1;Talleres Córdoba;Gimnasia La Plata;0;0;0;0;1;1;2,5;2,05;5,5;1,8;3,3;5;1,08;9;1,4;3;2,35;1,57;2,1;1,67;D;A
7;7345489;Argentina Primera División;2024;2024-01-26 21:15:00;1;Independiente Rivadavia;Independiente;0;0;0;0;1;1;4,33;1,8;3,4;3,5;2,75;2,38;1,14;6,4;1,69;2,13;3,4;1,33;2,5;1,5;D;A
8;7345488;Argentina Primera División;2024;2024-01-26 21:15:00;1;Banfield;Huracán;0;1;1;0;2;2;4;1,73;4;2,8;2,63;2,9;1,17;5,3;1,82;1,96;3,6;1,29;2,63;1,44;A;A
9;7345490;Argentina Primera División;2024;2024-01-27 17:00:00;1;San Lorenzo;Lanús;0;0;0;0;2;2;3,75;1,8;3,75;3;2,63;3;1,16;5,75;1,7;2,11;3,4;1,33;2,38;1,53;D;A
10;7345491;Argentina Primera División;2024;2024-01-27 19:00:00;1;Platense;Boca Juniors;0;0;0;0;0;0;4,5;1,91;3;3,8;3,1;2,2;1,12;6,75;1,59;2,32;2,7;1,44;2,25;1,57;D;D
11;7345492;Argentina Primera División;2024;2024-01-27 21:00:00;1;Racing Club;Unión Santa Fe;0;1;1;0;1;1;2,5;2;5,5;1,8;3,5;5;1,1;8;1,47;2,75;2,4;1,53;2,25;1,57;A;A
12;7345493;Argentina Primera División;2024;2024-01-28 17:00:00;1;Godoy Cruz;Defensa y Justicia;0;0;0;2;0;2;2,63;2;5;1,91;3,3;4,5;1,09;8,5;1,42;2,9;2,35;1,57;2,1;1,67;D;H
13;7345494;Argentina Primera División;2024;2024-01-28 19:00:00;1;River Plate;Argentinos Juniors;1;0;1;1;1;2;2,2;2,2;6,5;1,57;3,8;6,5;1,07;10;1,36;3,25;2,1;1,7;2,1;1,67;H;D
14;7345495;Argentina Primera División;2024;2024-01-28 21:00:00;1;Estudiantes;Belgrano;0;0;0;1;0;1;2,75;1,91;5;2;3,2;4,33;1,12;5,75;1,57;2,25;2,7;1,44;2,38;1,53;D;H
15;7345496;Argentina Primera División;2024;2024-01-29 21:00:00;2;Instituto;Atlético Tucumán;2;0;2;3;0;3;3,25;1,8;4,75;2,3;2,8;3,6;1,15;4,75;1,73;2;3,4;1,33;2,63;1,44;H;H
16;7345498;Argentina Primera División;2024;2024-01-30 17:00:00;2;Huracán;Talleres Córdoba;1;2;3;1;2;3;3,5;1,83;4;2,63;3;3;1,12;5,5;1,53;2,38;2,7;1,44;2,2;1,62;A;A
17;7345497;Argentina Primera División;2024;2024-01-30 19:15:00;2;Gimnasia La Plata;Independiente Rivadavia;0;2;2;2;3;5;2,75;1,91;5,5;1,95;3,2;4,5;1,11;5,75;1,55;2,25;2,7;1,44;2,38;1,53;A;A
18;7345499;Argentina Primera División;2024;2024-01-30 19:15:00;2;Rosario Central;Banfield;0;0;0;0;0;0;3,2;1,83;4,5;2,25;2,9;3,8;1,14;5;1,57;2,3;3,1;1,36;2,38;1,53;D;D
19;7345501;Argentina Primera División;2024;2024-01-30 21:30:00;2;Lanús;Newell's Old Boys;0;1;1;0;2;2;3,6;1,8;4;2,7;2,8;3,1;1,15;4,75;1,67;2,1;3,1;1,36;2,5;1,5;A;A
20;7345500;Argentina Primera División;2024;2024-01-30 21:30:00;2;Vélez Sarsfield;Independiente;0;1;1;0;1;1;3,6;1,8;4;2,6;2,9;3;1,17;4,5;1,67;2,1;3,4;1,33;2,5;1,5;A;A
21;7345502;Argentina Primera División;2024;2024-01-31 17:00:00;2;Argentinos Juniors;Deportivo Riestra;0;0;0;2;0;2;2,75;1,91;5,5;1,91;3,1;4,75;1,12;5,5;1,53;2,38;2,88;1,4;2,38;1,53;D;H
22;7345503;Argentina Primera División;2024;2024-01-31 17:45:00;2;Defensa y Justicia;Platense;3;0;3;3;0;3;3,1;1,91;4,33;2,25;3,1;3,4;1,11;6;1,44;2,62;2,5;1,5;2,1;1,67;H;H
23;7345504;Argentina Primera División;2024;2024-01-31 19:15:00;2;Belgrano;San Lorenzo;1;0;1;1;1;2;3;1,8;5;2,1;3;4,2;1,17;4,5;1,7;2,05;3,4;1,33;2,63;1,44;H;D
24;7345505;Argentina Primera División;2024;2024-01-31 20:00:00;2;Racing Club;Tigre;2;0;2;3;0;3;2,63;2;5;1,91;3,4;4,2;1,08;7;1,36;3;2,35;1,57;2,1;1,67;H;H
25;7345506;Argentina Primera División;2024;2024-01-31 21:30:00;2;Barracas Central;River Plate;0;0;0;0;2;2;6;2,1;2,25;6;3,75;1,62;1,07;7,5;1,33;3,25;2,08;1,73;2;1,73;D;A
26;7345507;Argentina Primera División;2024;2024-02-01 19:00:00;2;Boca Juniors;Sarmiento;1;0;1;1;1;2;2,25;2;7;1,6;3,75;6,5;1,09;6,75;1,46;2,5;2,4;1,53;2,38;1,53;H;D
27;7345508;Argentina Primera División;2024;2024-02-01 21:30:00;2;Unión Santa Fe;Estudiantes;0;0;0;0;1;1;3,6;1,83;4;2,63;3;2,9;1,12;5,5;1,55;2,25;2,88;1,4;2,25;1,57;D;A
28;7345509;Argentina Primera División;2024;2024-02-01 21:30:00;2;Central Córdoba SdE;Godoy Cruz;0;2;2;0;2;2;5;1,83;3;4;3;2,15;1,14;5,25;1,61;2,15;3,1;1,36;2,38;1,53;A;A
29;7345510;Argentina Primera División;2024;2024-02-03 19:00:00;3;Independiente;Gimnasia La Plata;0;1;1;0;1;1;2,75;1,91;5;2;3,1;4,5;1,1;6,39;1,52;2,35;2,6;1,48;2,25;1,57;A;A
30;7345511;Argentina Primera División;2024;2024-02-03 21:15:00;3;Talleres Córdoba;Rosario Central;3;1;4;4;1;5;2,5;2,05;5,5;1,8;3,3;5,25;1,09;7;1,46;2,78;2,3;1,6;2,1;1,67;H;H
31;7345512;Argentina Primera División;2024;2024-02-03 21:15:00;3;Independiente Rivadavia;Huracán;0;0;0;2;0;2;4;1,83;3,5;3,1;3;2,55;1,12;5,75;1,67;2,29;3,1;1,36;2,25;1,57;D;H
32;7345513;Argentina Primera División;2024;2024-02-04 17:00:00;3;Deportivo Riestra;Barracas Central;0;0;0;0;1;1;3,5;1,83;4;2,4;2,9;3,3;1,12;5,78;1,66;2,31;2,88;1,4;2,38;1,53;D;A
33;7345514;Argentina Primera División;2024;2024-02-04 19:15:00;3;River Plate;Vélez Sarsfield;4;0;4;5;0;5;2,25;2,1;6,5;1,6;3,8;5,75;1,06;8,25;1,44;2,85;2,2;1,65;2,25;1,57;H;H
34;7345515;Argentina Primera División;2024;2024-02-04 20:30:00;3;Platense;Central Córdoba SdE;0;0;0;1;0;1;3;1,83;5;2,1;3;4,2;1,14;6;1,6;2,1;3,1;1,36;2,5;1,5;D;H
35;7345516;Argentina Primera División;2024;2024-02-04 21:30:00;3;Newell's Old Boys;Belgrano;0;0;0;1;0;1;2,75;1,83;6;1,91;3;5,25;1,15;5,7;1,67;2,18;3,1;1,36;2,63;1,44;D;H
36;7345517;Argentina Primera División;2024;2024-02-05 17:30:00;3;Godoy Cruz;Lanús;0;0;0;1;0;1;3;1,95;4,5;2,15;3,1;3,75;1,11;7;1,5;2,35;2,6;1,48;2,1;1,67;D;H
37;7345518;Argentina Primera División;2024;2024-02-05 18:00:00;3;San Lorenzo;Unión Santa Fe;0;0;0;0;0;0;3,2;1,8;4,75;2,25;2,9;3,75;1,16;5,3;1,74;2,07;3,4;1,33;2,5;1,5;D;D
38;7345519;Argentina Primera División;2024;2024-02-05 19:45:00;3;Tigre;Boca Juniors;0;2;2;0;2;2;4,33;1,83;3,4;3,4;2,9;2,38;1,14;5,8;1,65;2,1;3,1;1,36;2,38;1,53;A;A
39;7345521;Argentina Primera División;2024;2024-02-05 21:30:00;3;Estudiantes;Racing Club;0;0;0;0;0;0;3;2;4;2,2;3,1;3,6;1,11;9,2;1,45;2,81;2,3;1,6;1,91;1,8;D;D
40;7345520;Argentina Primera División;2024;2024-02-05 22:00:00;3;Banfield;Instituto;0;0;0;0;2;2;3,5;1,73;4,5;2,45;2,7;3,6;1,21;4,5;1,85;1,8;4;1,25;2,75;1,4;D;A
41;7345522;Argentina Primera División;2024;2024-02-06 19:00:00;3;Sarmiento;Defensa y Justicia;2;0;2;2;3;5;3,6;1,83;3,75;2,8;2,9;2,88;1,13;5,25;1,6;2,2;2,88;1,4;2,2;1,62;H;A
42;7345523;Argentina Primera División;2024;2024-02-06 21:15:00;3;Atlético Tucumán;Argentinos Juniors;0;0;0;0;0;0;3,5;1,83;4;2,55;3;3,1;1,11;6;1,55;2,3;2,88;1,4;2,25;1,57;D;D
43;7345525;Argentina Primera División;2024;2024-02-08 19:30:00;4;Rosario Central;Independiente Rivadavia;0;0;0;1;0;1;2,75;1,95;5;2;3,1;4,5;1,09;7;1,48;2,65;2,5;1,5;2,2;1,62;D;H
44;7345524;Argentina Primera División;2024;2024-02-08 21:15:00;4;Huracán;Independiente;0;0;0;0;0;0;3,6;1,8;4;2,7;2,63;3,25;1,13;5,75;1,6;2,3;3,4;1,33;2,38;1,53;D;D
45;7345526;Argentina Primera División;2024;2024-02-09 19:00:00;4;Estudiantes;Tigre;1;0;1;2;0;2;2,3;2,05;6,5;1,67;3,8;5;1,09;7;1,48;2,6;2,4;1,53;2,38;1,53;H;H
46;7345527;Argentina Primera División;2024;2024-02-09 19:00:00;4;Unión Santa Fe;Newell's Old Boys;0;2;2;1;3;4;4;1,8;3,6;3,2;2,63;2,7;1,14;5,5;1,67;2,15;3,5;1,3;2,5;1,5;A;A
47;7345528;Argentina Primera División;2024;2024-02-09 21:15:00;4;Vélez Sarsfield;Gimnasia La Plata;1;0;1;3;1;4;2,88;1,91;4,75;2,05;3,2;3,8;1,11;6,25;1,55;2,4;2,7;1,44;2,25;1,57;H;H
48;7345529;Argentina Primera División;2024;2024-02-09 21:15:00;4;Racing Club;San Lorenzo;2;0;2;4;1;5;2,88;1,83;5;2,05;3;4;1,11;6,25;1,57;2,35;3,1;1,36;2,38;1,53;H;H
49;7345530;Argentina Primera División;2024;2024-02-10 17:00:00;4;Argentinos Juniors;Banfield;2;1;3;4;2;6;3;1,83;5;2,15;3;4;1,14;5,5;1,67;2,15;3,1;1,36;2,5;1,5;H;H
50;7345531;Argentina Primera División;2024;2024-02-10 19:15:00;4;Boca Juniors;Defensa y Justicia;0;0;0;0;0;0;2,38;2,05;6;1,73;3,6;5;1,08;7,29;1,45;2,66;2,25;1,62;2,2;1,62;D;D
51;7345532;Argentina Primera División;2024;2024-02-10 21:30:00;4;Belgrano;Godoy Cruz;0;0;0;0;1;1;3,25;1,91;4;2,4;3,1;3,2;1,11;6,28;1,59;2,39;2,6;1,48;2,2;1,62;D;A
52;7345533;Argentina Primera División;2024;2024-02-10 21:30:00;4;Central Córdoba SdE;Sarmiento;1;0;1;3;0;3;3,75;1,8;3,75;2,8;2,88;2,88;1,14;5,31;1,69;2,18;3,1;1,36;2,38;1,53;H;H
53;7345534;Argentina Primera División;2024;2024-02-11 17:00:00;4;Deportivo Riestra;River Plate;0;3;3;0;3;3;7;2,3;2;7;4,5;1,44;1,04;12;1,25;3,77;1,95;1,85;2,1;1,67;A;A
54;7345535;Argentina Primera División;2024;2024-02-11 19:00:00;4;Lanús;Platense;1;0;1;3;0;3;2,88;1,91;5;2;3,1;4,33;1,11;6,28;1,56;2,45;2,7;1,44;2,25;1,57;H;H
55;7345536;Argentina Primera División;2024;2024-02-11 21:00:00;4;Barracas Central;Atlético Tucumán;2;0;2;2;0;2;3,6;1,83;4;2,7;2,8;3,1;1,09;5,6;1,57;2,25;2,88;1,4;2,38;1,53;H;H
56;7345537;Argentina Primera División;2024;2024-02-12 19:00:00;4;Instituto;Talleres Córdoba;1;0;1;2;2;4;4,33;1,91;3,2;3,4;3;2,3;1,09;2,2;1,61;2,33;2,7;1,44;2,25;1,57;H;D
57;7345538;Argentina Primera División;2024;2024-02-12 21:00:00;5;Newell's Old Boys;Racing Club;0;2;2;0;4;4;2,88;1,95;4,75;2,1;3,25;3,8;1,1;5,75;1,53;2,38;2,5;1,5;2,2;1,62;A;A
58;7345540;Argentina Primera División;2024;2024-02-13 17:00:00;5;San Lorenzo;Estudiantes;0;1;1;1;1;2;4,33;1,8;3,5;3,2;2,9;2,5;1,12;7;1,57;2,3;3,1;1,36;2,5;1,5;A;D
59;7345541;Argentina Primera División;2024;2024-02-13 19:15:00;5;Gimnasia La Plata;Huracán;0;1;1;3;1;4;3,5;1,91;3,75;2,5;3;3,1;1,12;5,5;1,59;2,37;2,7;1,44;2,2;1,62;A;H
60;7345539;Argentina Primera División;2024;2024-02-13 21:30:00;5;Godoy Cruz;Unión Santa Fe;0;0;0;0;0;0;2,7;1,84;5,51;1,83;2,83;4,17;1,11;6,28;1,61;2,26;2,78;1,35;2,43;1,54;D;D
61;7345542;Argentina Primera División;2024;2024-02-13 21:30:00;5;Independiente;Rosario Central;1;0;1;1;0;1;3;1,91;4,5;1,95;2,83;3,64;1,11;7,5;1,55;2,47;2,6;1,48;2,2;1,62;H;H
62;7345544;Argentina Primera División;2024;2024-02-14 17:00:00;5;Sarmiento;Lanús;0;0;0;0;1;1;4;1,83;3,4;3,2;2,9;2,5;1,12;5,75;1,57;2,36;2,88;1,4;2,2;1,62;D;A
63;7345543;Argentina Primera División;2024;2024-02-14 17:00:00;5;Tigre;Defensa y Justicia;0;0;0;0;1;1;3,4;1,91;4;2,5;3;3,1;1,12;7;1,57;2,42;2,6;1,48;2,1;1,67;D;A
64;7345545;Argentina Primera División;2024;2024-02-14 19:15:00;5;Banfield;Barracas Central;0;0;0;0;0;0;3,5;1,8;4,33;2,5;2,8;3,3;1,13;6,75;1,64;2,28;3,4;1,33;2,5;1,5;D;D
65;7345546;Argentina Primera División;2024;2024-02-14 19:15:00;5;Boca Juniors;Central Córdoba SdE;1;0;1;2;0;2;1,95;2,2;8,5;1,4;4,75;9;1,07;10;1,36;3,2;2,05;1,75;2,5;1,5;H;H
66;7345547;Argentina Primera División;2024;2024-02-14 21:30:00;5;Atlético Tucumán;River Plate;0;0;0;0;0;0;4,75;2,05;2,6;4,33;3,3;1,91;1,09;8,25;1,4;2,85;2,15;1,67;2;1,73;D;D
67;7345548;Argentina Primera División;2024;2024-02-15 17:00:00;5;Deportivo Riestra;Vélez Sarsfield;1;0;1;1;2;3;4,75;1,83;3,1;3,75;2,9;2,15;1,12;5,25;1,64;2,27;2,88;1,4;2,38;1,53;H;A
68;7345549;Argentina Primera División;2024;2024-02-15 19:00:00;5;Platense;Belgrano;0;1;1;1;1;2;3,4;1,83;4;2,4;2,9;3,3;1,12;5,25;1,63;2,28;2,88;1,4;2,38;1,53;A;D
69;7345551;Argentina Primera División;2024;2024-02-15 21:00:00;5;Independiente Rivadavia;Instituto;0;1;1;0;2;2;4;1,8;3,6;3,1;2,8;2,63;1,12;5,25;1,63;2,28;3,4;1,33;2,5;1,5;A;A
70;7345550;Argentina Primera División;2024;2024-02-15 21:30:00;5;Talleres Córdoba;Argentinos Juniors;0;1;1;2;1;3;2,63;2,05;4,75;1,91;3,25;4,5;1,12;6,8;1,54;2,49;2,25;1,62;2;1,73;A;H
71;7345552;Argentina Primera División;2024;2024-02-17 17:00:00;6;San Lorenzo;Tigre;1;0;1;2;0;2;2,63;1,91;6;1,91;3,2;4,75;1,13;5,5;1,62;2,15;2,7;1,44;2,5;1,5;H;H
72;7345553;Argentina Primera División;2024;2024-02-17 19:00:00;6;Racing Club;Godoy Cruz;0;0;0;0;2;2;2,38;2,05;6;1,7;3,6;6;1,1;7,2;1,52;2,54;2,3;1,6;2,2;1,62;D;A
73;7345554;Argentina Primera División;2024;2024-02-17 21:00:00;6;Rosario Central;Gimnasia La Plata;2;1;3;2;1;3;3,2;1,95;3,75;2,5;3;3,1;1,1;6,95;1,55;2,48;2,4;1,53;2;1,73;H;H
74;7345555;Argentina Primera División;2024;2024-02-18 17:00:00;6;Vélez Sarsfield;Huracán;0;0;0;1;0;1;2,75;1,95;5;1,95;3,2;4,5;1,11;7;1,55;2,47;2,5;1,5;2,2;1,62;D;H
75;7345556;Argentina Primera División;2024;2024-02-18 17:00:00;6;Instituto;Independiente;0;2;2;0;2;2;3,6;1,8;4;2,6;3;3;1,11;6,75;1,57;2,42;3,1;1,36;2,5;1,5;A;A
76;7345557;Argentina Primera División;2024;2024-02-18 19:15:00;6;River Plate;Banfield;0;0;0;1;1;2;2,05;2,2;7;1,5;4;8;1,06;8,75;1,33;3,1;2,05;1,75;2,2;1,62;D;D
77;7345558;Argentina Primera División;2024;2024-02-18 21:30:00;6;Lanús;Boca Juniors;1;0;1;2;1;3;4,33;1,83;3,4;3,5;3;2,3;1,12;5,25;1,64;2,28;3,1;1,36;2,5;1,5;H;H
78;7345559;Argentina Primera División;2024;2024-02-19 17:00:00;6;Deportivo Riestra;Atlético Tucumán;0;0;0;1;0;1;4;1,83;3,5;3;3;2,5;1,14;6,1;1,64;2,28;2,88;1,4;2,25;1,57;D;H
79;7345561;Argentina Primera División;2024;2024-02-19 19:15:00;6;Estudiantes;Newell's Old Boys;0;0;0;2;0;2;2,88;1,91;4,75;2,05;3,1;3,8;1,06;7,15;1,52;2,54;2,6;1,48;2,25;1,57;D;H
80;7345560;Argentina Primera División;2024;2024-02-19 19:15:00;6;Barracas Central;Talleres Córdoba;1;1;2;2;1;3;4,75;2,05;2,6;4,2;3,5;1,91;1,12;6,7;1,57;2,42;2,2;1,65;2;1,73;D;H
81;7345563;Argentina Primera División;2024;2024-02-19 21:30:00;6;Belgrano;Sarmiento;3;1;4;4;1;5;2,88;1,91;5;2,1;3,1;4;1,14;6,1;1,63;2,3;2,88;1,4;2,38;1,53;H;H
82;7345562;Argentina Primera División;2024;2024-02-19 21:30:00;6;Unión Santa Fe;Platense;0;0;0;0;0;0;3,1;1,83;4,75;2,2;3;3,75;1,13;6,45;1,59;2,36;3,1;1,36;2,5;1,5;D;D
83;7345564;Argentina Primera División;2024;2024-02-20 19:30:00;6;Argentinos Juniors;Independiente Rivadavia;1;0;1;2;1;3;2,3;2,05;6,5;1,62;3,6;6;1,09;6,75;1,44;2,6;2,4;1,53;2,38;1,53;H;H
84;7345565;Argentina Primera División;2024;2024-02-20 20:00:00;6;Defensa y Justicia;Central Córdoba SdE;1;1;2;1;1;2;2,38;2,1;5,5;1,73;3,6;5,25;1,1;6,25;1,51;2,39;2,15;1,67;2;1,73;D;D
85;7345571;Argentina Primera División;2024;2024-02-24 17:00:00;7;Independiente;Racing Club;0;0;0;0;1;1;3,75;1,91;3,4;3;3,1;2,6;1,09;7;1,5;2,55;2,5;1,5;2,1;1,67;D;A
86;7345573;Argentina Primera División;2024;2024-02-24 19:30:00;7;Belgrano;Talleres Córdoba;2;1;3;2;2;4;4;1,91;3,25;3,2;3,1;2,45;1,09;6,83;1,52;2,56;2,6;1,48;2,1;1,67;H;D
87;7345568;Argentina Primera División;2024;2024-02-24 19:30:00;7;Huracán;San Lorenzo;0;0;0;0;0;0;3,6;1,73;4,33;2,63;2,63;3,4;1,15;5,25;1,7;2,1;3,5;1,3;2,63;1,44;D;D
88;7345567;Argentina Primera División;2024;2024-02-24 22:00:00;7;Unión Santa Fe;Independiente Rivadavia;2;1;3;4;1;5;2,5;1,91;6;1,8;3,2;5,75;1,13;5,7;1,69;2,18;2,7;1,44;2,5;1,5;H;H
89;7345566;Argentina Primera División;2024;2024-02-24 22:00:00;7;Sarmiento;Barracas Central;0;0;0;0;0;0;3,5;1,83;4;2,63;2,8;3,2;1,12;5,75;1,6;2,3;3,1;1,36;2,25;1,57;D;D
90;7345572;Argentina Primera División;2024;2024-02-25 17:00:00;7;River Plate;Boca Juniors;0;0;0;1;1;2;2,6;2;5;1,85;3,25;4,75;1,07;7,61;1,45;2,69;2,35;1,57;2,1;1,67;D;D
91;7345569;Argentina Primera División;2024;2024-02-25 19:30:00;7;Gimnasia La Plata;Estudiantes;0;0;0;0;0;0;4,33;1,91;3,1;3,6;3;2,25;1,11;6,28;1,58;2,4;2,6;1,48;2,1;1,67;D;D
92;7345570;Argentina Primera División;2024;2024-02-25 19:45:00;7;Newell's Old Boys;Rosario Central;0;0;0;0;1;1;3;1,83;5;2,05;2,9;4,2;1,11;6,28;1,6;2,35;3,1;1,36;2,5;1,5;D;A
93;7345577;Argentina Primera División;2024;2024-02-25 22:00:00;7;Lanús;Banfield;0;0;0;1;1;2;3;1,83;5;2,1;3;4,2;1,09;5,8;1,59;2,37;3,1;1,36;2,5;1,5;D;D
94;7345579;Argentina Primera División;2024;2024-02-25 22:00:00;7;Instituto;Godoy Cruz;0;1;1;0;2;2;2,75;1,83;5,5;1,91;3;4,75;1,09;5,8;1,55;2,46;2,88;1,4;2,5;1,5;A;A
95;7345576;Argentina Primera División;2024;2024-02-26 19:00:00;7;Defensa y Justicia;Deportivo Riestra;0;1;1;1;1;2;2,3;2,1;5,5;1,67;3,6;5,75;1,08;6,5;1,4;2,7;2,1;1,7;2;1,73;A;D
96;7345574;Argentina Primera División;2024;2024-02-26 19:30:00;7;Argentinos Juniors;Platense;2;0;2;3;1;4;2,88;1,91;5;2,1;3,1;4;1,07;6,5;1,45;2,5;2,88;1,4;2,38;1,53;H;H
97;7345575;Argentina Primera División;2024;2024-02-26 21:30:00;7;Vélez Sarsfield;Tigre;2;0;2;2;2;4;2,1;2,1;7;1,53;3,8;7;1,07;7,61;1,43;2,75;2,15;1,67;2,25;1,57;H;D
98;7345578;Argentina Primera División;2024;2024-02-26 21:45:00;7;Central Córdoba SdE;Atlético Tucumán;0;0;0;0;0;0;4;1,91;3,4;3,1;2,9;2,63;1,14;5,31;1,73;2,12;2,7;1,44;2,2;1,62;D;D
99;7345585;Argentina Primera División;2024;2024-02-29 19:00:00;8;Gimnasia La Plata;Instituto;0;1;1;1;3;4;3,25;1,91;4;2,45;3,1;3,1;1,11;6;1,5;2,5;2,6;1,48;2,1;1,67;A;A
100;7345586;Argentina Primera División;2024;2024-02-29 21:15:00;8;Huracán;Rosario Central;2;0;2;2;0;2;3,1;1,91;4,5;2,2;3;3,75;1,12;5,5;1,56;2,43;2,88;1,4;2,25;1,57;H;H
101;7345583;Argentina Primera División;2024;2024-02-29 21:15:00;8;Independiente Rivadavia;Barracas Central;0;1;1;1;3;4;3,4;1,91;3,75;2,63;2,88;3,1;1,09;6,71;1,52;2,56;2,7;1,44;2,1;1,67;A;A
102;7345587;Argentina Primera División;2024;2024-03-01 19:00:00;8;Tigre;Central Córdoba SdE;1;0;1;1;0;1;3,1;1,91;4,33;2,3;3,1;3,5;1,12;5,5;1,54;2,48;2,5;1,5;2,2;1,62;H;H
103;7345591;Argentina Primera División;2024;2024-03-01 21:15:00;8;Platense;Racing Club;0;0;0;0;0;0;4,33;1,95;3;4;3;2,15;1,1;6,5;1,44;2,62;2,5;1,5;2,1;1,67;D;D
104;7345581;Argentina Primera División;2024;2024-03-01 21:15:00;8;Banfield;Deportivo Riestra;1;0;1;2;0;2;3;1,8;5,5;2,05;2,75;5;1,12;5,5;1,63;2,3;3,4;1,33;2,63;1,44;H;H
105;7345590;Argentina Primera División;2024;2024-03-02 17:00:00;8;Sarmiento;Unión Santa Fe;1;0;1;1;2;3;4;1,8;3,6;3,1;2,8;2,7;1,15;4,75;1,69;2,19;3,4;1,33;2,5;1,5;H;A
106;7345580;Argentina Primera División;2024;2024-03-02 19:00:00;8;Atlético Tucumán;Vélez Sarsfield;0;0;0;0;0;0;3,6;1,91;3,6;2,8;3,1;2,75;1,12;5,5;1,5;2,5;2,5;1,5;2,1;1,67;D;D
107;7345584;Argentina Primera División;2024;2024-03-02 19:15:00;8;Independiente;Argentinos Juniors;1;1;2;2;1;3;3;1,83;4,75;2,15;2,88;4;1,12;5,5;1,54;2,5;2,88;1,4;2,38;1,53;D;H
108;7345582;Argentina Primera División;2024;2024-03-02 21:30:00;8;Talleres Córdoba;River Plate;0;2;2;2;2;4;3,5;2,1;3,1;3;3,2;2,5;1,04;9,45;1,33;3,19;2,05;1,75;1,8;1,91;A;D
109;7345596;Argentina Primera División;2024;2024-03-03 17:00:00;8;Godoy Cruz;Estudiantes;0;2;2;1;2;3;3,1;1,95;4;2,3;3,1;3,5;1,1;6,6;1,56;2,46;2,4;1,53;2;1,73;A;A
110;7345588;Argentina Primera División;2024;2024-03-03 17:00:00;8;Defensa y Justicia;Lanús;0;1;1;0;4;4;3,1;1,95;4;2,25;3;3,6;1,08;7,15;1,53;2,53;2,4;1,53;2;1,73;A;A
111;7345589;Argentina Primera División;2024;2024-03-03 19:15:00;8;Boca Juniors;Belgrano;0;1;1;3;2;5;2,38;2,05;6;1,7;3,6;5,5;1,08;7,29;1,46;2,65;2,25;1,62;2,2;1,62;A;H
112;7345597;Argentina Primera División;2024;2024-03-03 21:30:00;8;Newell's Old Boys;San Lorenzo;2;2;4;2;2;4;3,1;1,8;5;2,15;2,8;4,33;1,15;5,24;1,73;2,12;3,4;1,33;2,63;1,44;D;D
113;7345599;Argentina Primera División;2024;2024-03-04 21:00:00;9;Instituto;Huracán;1;0;1;2;0;2;3,2;1,83;4,75;2,25;3;3,75;1,12;5,5;1,53;2,38;3,1;1,36;2,5;1,5;H;H
114;7345601;Argentina Primera División;2024;2024-03-05 19:00:00;9;Barracas Central;Independiente;2;1;3;2;2;4;5;1,91;2,88;3,9;3;2,1;1,14;5;1,62;2,2;2,7;1,44;2,38;1,53;H;D
115;7345608;Argentina Primera División;2024;2024-03-05 20:00:00;9;Racing Club;Sarmiento;0;1;1;0;1;1;1,95;2,25;8;1,4;4,33;9,5;1,08;7,5;1,4;2,9;1,95;1,85;2,25;1,57;A;A
116;7345598;Argentina Primera División;2024;2024-03-05 21:30:00;9;Vélez Sarsfield;Rosario Central;0;0;0;1;0;1;2,63;2;5;1,91;3,3;4,33;1,11;6;1,5;2,5;2,4;1,53;2,1;1,67;D;H
117;7345600;Argentina Primera División;2024;2024-03-06 17:00:00;9;Argentinos Juniors;Gimnasia La Plata;1;0;1;2;0;2;2,5;2,1;4,75;1,85;3,5;4,2;1,1;7;1,4;2,75;2,1;1,7;1,91;1,8;H;H
118;7345607;Argentina Primera División;2024;2024-03-06 19:15:00;9;Estudiantes;Platense;0;0;0;1;2;3;2,5;1,95;6;1,75;3,2;6;1,08;7;1,4;2,75;2,6;1,48;2,38;1,53;D;A
119;7345609;Argentina Primera División;2024;2024-03-06 19:15:00;9;Unión Santa Fe;Boca Juniors;0;0;0;1;0;1;4,33;1,91;3,2;3,5;2,9;2,38;1,12;5,5;1,53;2,38;2,6;1,48;2,2;1,62;D;H
120;7345602;Argentina Primera División;2024;2024-03-06 21:30:00;9;River Plate;Independiente Rivadavia;2;0;2;2;0;2;1,57;2,88;10;1,2;7;15;1,01;9,3;1,26;3,34;1,44;2,7;2;1,73;H;H
121;7345604;Argentina Primera División;2024;2024-03-06 21:30:00;9;Atlético Tucumán;Banfield;0;0;0;0;3;3;2,88;1,83;5;2;3;4,33;1,12;5,5;1,53;2,38;2,88;1,4;2,5;1,5;D;A
122;7345603;Argentina Primera División;2024;2024-03-07 17:00:00;9;Deportivo Riestra;Talleres Córdoba;0;1;1;0;1;1;5;2;2,63;4,75;3,2;1,91;1,1;6,5;1,5;2,5;2,35;1,57;2;1,73;A;A
123;7345611;Argentina Primera División;2024;2024-03-07 19:00:00;9;Lanús;Central Córdoba SdE;0;0;0;0;1;1;2,3;2;6,5;1,62;3,5;6,5;1,06;8,6;1,38;2,94;2,5;1,5;2,5;1,5;D;A
124;7345605;Argentina Primera División;2024;2024-03-07 21:15:00;9;Newell's Old Boys;Tigre;1;0;1;1;0;1;2,4;2;6,5;1,67;3,6;5,75;1,04;9,45;1,36;3,04;2,5;1,5;2,5;1,5;H;H
125;7345610;Argentina Primera División;2024;2024-03-07 21:15:00;9;Belgrano;Defensa y Justicia;0;1;1;1;1;2;3,2;1,95;4;2,38;3,1;3,1;1,09;7,15;1,46;2,65;2,4;1,53;2;1,73;A;D
126;7345616;Argentina Primera División;2024;2024-03-09 17:00:00;10;Gimnasia La Plata;Barracas Central;0;0;0;2;0;2;3;2;4;2,25;3,2;3,4;1,09;6,83;1,49;2,54;2,25;1,62;1,91;1,8;D;H
127;7345623;Argentina Primera División;2024;2024-03-09 17:00:00;10;Sarmiento;Estudiantes;1;1;2;3;1;4;3,75;1,91;3,4;2,9;3,1;2,55;1,07;7,61;1,45;2,66;2,7;1,44;2,1;1,67;D;H
128;7345615;Argentina Primera División;2024;2024-03-09 19:15:00;10;Independiente;River Plate;1;1;2;1;1;2;4;2;3,1;3,25;3,1;2,38;1,07;7,77;1,43;2,76;2,35;1,57;2;1,73;D;D
129;7345618;Argentina Primera División;2024;2024-03-09 21:30:00;10;Rosario Central;Instituto;0;0;0;1;0;1;3,6;1,83;3,75;2,75;2,9;2,88;1,09;6,71;1,53;2,51;2,88;1,4;2,25;1,57;D;H
130;7345624;Argentina Primera División;2024;2024-03-09 21:30:00;10;Platense;San Lorenzo;0;0;0;0;0;0;4;1,73;4;2,88;2,75;3;1,11;6,28;1,57;2,43;3,6;1,29;2,63;1,44;D;D
131;7345625;Argentina Primera División;2024;2024-03-10 17:00:00;10;Godoy Cruz;Newell's Old Boys;1;1;2;1;1;2;3;1,83;4,75;2,15;3;3,8;1,1;7,8;1,48;2,68;3,1;1,36;2,5;1,5;D;D
132;7345617;Argentina Primera División;2024;2024-03-10 17:00:00;10;Huracán;Argentinos Juniors;1;1;2;1;1;2;3,4;1,91;3,75;2,6;3;3;1,11;6,28;1,57;2,42;2,7;1,44;2,2;1,62;D;D
133;7345613;Argentina Primera División;2024;2024-03-10 19:15:00;10;Talleres Córdoba;Atlético Tucumán;2;1;3;4;1;5;2,75;2,05;4,5;2,05;3,1;4,2;1,06;8,09;1,45;2,66;2,25;1,62;2;1,73;H;H
134;7345621;Argentina Primera División;2024;2024-03-10 19:15:00;10;Defensa y Justicia;Unión Santa Fe;1;1;2;2;1;3;3;1,91;4,33;2,25;3;3,75;1,11;6,28;1,57;2,43;2,5;1,5;2,1;1,67;D;H
135;7345622;Argentina Primera División;2024;2024-03-10 21:30:00;10;Boca Juniors;Racing Club;1;1;2;4;2;6;3,6;1,95;3,4;2,9;2,9;2,75;1,07;7,61;1,5;2,45;2,4;1,53;2;1,73;D;H
136;7345619;Argentina Primera División;2024;2024-03-11 19:30:00;10;Tigre;Lanús;2;1;3;2;3;5;4,5;1,91;3;3,6;3,1;2,25;1,08;7,15;1,5;2,4;2,7;1,44;2,2;1,62;H;A
137;7345614;Argentina Primera División;2024;2024-03-11 21:15:00;10;Independiente Rivadavia;Deportivo Riestra;1;1;2;1;2;3;3;1,91;4,5;2,15;3,1;3,6;1,11;6,28;1,55;2,3;2,7;1,44;2,25;1,57;D;A
138;7345612;Argentina Primera División;2024;2024-03-11 21:45:00;10;Banfield;Vélez Sarsfield;1;1;2;1;2;3;3,75;1,91;3,5;2,9;3;2,63;1,08;7,15;1,5;2,45;2,7;1,44;2,2;1,62;D;A
139;7345620;Argentina Primera División;2024;2024-03-12 21:15:00;10;Central Córdoba SdE;Belgrano;1;2;3;2;2;4;3,6;1,91;3,6;2,7;3;2,75;1,1;6,6;1,54;2,49;2,5;1,5;2,1;1,67;A;D
140;7345630;Argentina Primera División;2024;2024-03-15 16:30:00;11;Deportivo Riestra;Independiente;1;0;1;1;0;1;6;1,8;2,75;5;3;1,91;1,1;8;1,52;2,56;3,4;1,33;2,75;1,4;H;H
141;7345634;Argentina Primera División;2024;2024-03-15 21:00:00;11;Newell's Old Boys;Platense;0;0;0;0;0;0;2,88;1,83;5,5;2;3,1;4,33;1,12;7;1,56;2,48;2,88;1,4;2,5;1,5;D;D
142;7345635;Argentina Primera División;2024;2024-03-16 17:00:00;11;San Lorenzo;Sarmiento;1;0;1;1;0;1;2,63;1,83;6;1,85;3,1;5,25;1,07;7,61;1,47;2,62;3,1;1,36;2,63;1,44;H;H
143;7345637;Argentina Primera División;2024;2024-03-16 19:15:00;11;Racing Club;Defensa y Justicia;0;0;0;1;1;2;2,2;2,3;5,5;1,6;4;5,75;1,06;8,75;1,3;3,2;1,8;2;1,83;1,83;D;D
144;7345631;Argentina Primera División;2024;2024-03-16 21:30:00;11;Atlético Tucumán;Independiente Rivadavia;2;0;2;2;2;4;2,5;2,1;5;1,8;3,4;5;1,07;7;1,4;2,7;2,2;1,65;2;1,73;H;D
145;7345626;Argentina Primera División;2024;2024-03-16 21:30:00;11;Vélez Sarsfield;Instituto;0;0;0;1;0;1;3;1,95;4,33;2,2;3,25;3,4;1,08;6,5;1,44;2,6;2,5;1,5;2,1;1,67;D;H
146;7345633;Argentina Primera División;2024;2024-03-17 16:00:00;11;Godoy Cruz;Tigre;1;0;1;1;0;1;2,2;2,1;6,5;1,55;4;6;1,08;7,5;1,45;2,7;2,15;1,67;2,2;1,62;H;H
147;7345628;Argentina Primera División;2024;2024-03-17 16:00:00;11;Barracas Central;Huracán;1;0;1;1;0;1;4,33;1,91;3,2;3,5;2,9;2,38;1,12;5,78;1,61;2,15;2,7;1,44;2,2;1,62;H;H
148;7345629;Argentina Primera División;2024;2024-03-17 18:30:00;11;River Plate;Gimnasia La Plata;1;1;2;3;1;4;1,83;2,5;7;1,4;5;8;1,03;11;1,18;4,75;1,62;2,25;1,83;1,83;D;H
149;7345632;Argentina Primera División;2024;2024-03-17 21:00:00;11;Banfield;Talleres Córdoba;0;0;0;0;0;0;3,75;1,91;3,4;3,1;3,1;2,5;1,09;6,71;1,5;2,45;2,6;1,48;2,1;1,67;D;D
150;7345638;Argentina Primera División;2024;2024-03-18 21:15:00;11;Unión Santa Fe;Central Córdoba SdE;2;1;3;2;2;4;2,63;1,95;5;1,91;3,4;4,33;1,09;6,83;1,52;2,54;2,5;1,5;2,2;1,62;H;D
151;7345627;Argentina Primera División;2024;2024-03-19 21:15:00;11;Argentinos Juniors;Rosario Central;2;0;2;3;0;3;2,75;2;4,75;1,95;3,4;4,2;1,07;6,5;1,5;2,63;2,4;1,53;2,1;1,67;H;H
152;7345639;Argentina Primera División;2024;2024-03-20 21:15:00;11;Belgrano;Lanús;0;0;0;0;1;1;4;1,95;3,1;3,25;3,3;2,25;1,08;7,29;1,53;2,55;2,4;1,53;2,1;1,67;D;A
153;7345606;Argentina Primera División;2024;2024-03-21 19:00:00;9;San Lorenzo;Godoy Cruz;0;0;0;1;0;1;3,6;1,8;4;2,63;2,88;3;1,18;6;1,75;2,24;3,1;1,36;2,38;1,53;D;H
154;7345648;Argentina Primera División;2024;2024-03-27 21:30:00;12;Lanús;Unión Santa Fe;1;2;3;2;2;4;2,75;1,91;5;1,95;3,25;4,5;1,08;5,95;1,57;2,38;2,7;1,44;2,25;1,57;A;D
155;7345645;Argentina Primera División;2024;2024-03-28 20:00:00;12;Rosario Central;Barracas Central;0;2;2;1;2;3;2,75;1,95;4,75;2;3,3;3,8;1,09;7;1,48;2,65;2,4;1,53;2,1;1,67;A;A
156;7345646;Argentina Primera División;2024;2024-03-28 21:00:00;12;Instituto;Argentinos Juniors;0;0;0;1;2;3;3,2;1,91;4;2,38;3,25;3,1;1,09;6,71;1,51;2,48;2,6;1,48;2,2;1,62;D;A
157;7345650;Argentina Primera División;2024;2024-03-29 18:00:00;12;Defensa y Justicia;Estudiantes;1;0;1;1;0;1;3,6;2;3,4;2,88;3,1;2,63;1,08;7,15;1,45;2,69;2,35;1,57;1,91;1,8;H;H
158;7345647;Argentina Primera División;2024;2024-03-29 18:00:00;12;Tigre;Belgrano;1;3;4;1;4;5;3,6;1,91;3,6;2,8;3,1;2,8;1,11;6,28;1,51;2,48;2,5;1,5;2,1;1,67;A;A
159;7345644;Argentina Primera División;2024;2024-03-29 20:30:00;12;Huracán;River Plate;0;0;0;1;0;1;4,5;2,05;2,75;4;3,25;2;1,08;7,15;1,46;2,65;2,15;1,67;1,91;1,8;D;H
160;7345651;Argentina Primera División;2024;2024-03-30 17:00:00;12;Boca Juniors;San Lorenzo;1;1;2;2;1;3;2,75;1,83;5,5;2;3,1;4,33;1,12;5,87;1,62;2,25;3,1;1,36;2,5;1,5;D;H
161;7345649;Argentina Primera División;2024;2024-03-30 19:00:00;12;Central Córdoba SdE;Racing Club;0;1;1;1;3;4;5;2,1;2,5;5;3,4;1,8;1,07;7,61;1,43;2,75;2,1;1,7;1,91;1,8;A;A
162;7345640;Argentina Primera División;2024;2024-03-30 21:00:00;12;Talleres Córdoba;Vélez Sarsfield;1;0;1;1;0;1;2,6;2,1;4,75;1,91;3,4;4,33;1,04;9,55;1,35;2,9;2,1;1,7;1,91;1,8;H;H
163;7345652;Argentina Primera División;2024;2024-03-31 16:00:00;12;Sarmiento;Newell's Old Boys;0;0;0;0;1;1;4,33;1,83;3,25;3,25;3,1;2,38;1,12;5,78;1,62;2,25;3,1;1,36;2,38;1,53;D;A
164;7345643;Argentina Primera División;2024;2024-03-31 16:00:00;12;Gimnasia La Plata;Deportivo Riestra;1;0;1;2;1;3;2,5;2;5,5;1,8;3,4;5;1,07;7,61;1,45;2,66;2,4;1,53;2,2;1,62;H;H
165;7345642;Argentina Primera División;2024;2024-03-31 18:30:00;12;Independiente;Atlético Tucumán;0;1;1;1;1;2;2,5;1,95;5,5;1,8;3,5;5;1,09;6,71;1,53;2,37;2,5;1,5;2,38;1,53;A;D
166;7345641;Argentina Primera División;2024;2024-03-31 21:00:00;12;Independiente Rivadavia;Banfield;1;2;3;1;2;3;3,75;1,83;3,5;3;2,9;2,7;1,09;6,71;1,53;2,53;2,88;1,4;2,2;1,62;A;A
167;7345653;Argentina Primera División;2024;2024-04-01 19:00:00;12;Platense;Godoy Cruz;1;1;2;1;2;3;4,33;1,8;3,4;3,5;2,8;2,45;1,12;5,87;1,63;2,3;3,1;1,36;2,38;1,53;D;A
168;7345654;Argentina Primera División;2024;2024-04-05 19:30:00;13;Vélez Sarsfield;Argentinos Juniors;0;0;0;0;0;0;3,2;1,95;4;2,4;3,2;3,2;1,07;7,61;1,43;2,75;2,35;1,57;2;1,73;D;D
169;7345659;Argentina Primera División;2024;2024-04-05 21:00:00;13;Banfield;Independiente;0;1;1;0;1;1;3,75;1,83;3,75;2,8;3,1;2,7;1,11;6,18;1,63;2,29;3,1;1,36;2,38;1,53;A;A
170;7345663;Argentina Primera División;2024;2024-04-06 17:00:00;13;Newell's Old Boys;Boca Juniors;0;1;1;1;3;4;3,75;1,83;3,75;2,7;3,1;2,75;1,12;5,25;1,64;2,28;2,88;1,4;2,25;1,57;A;A
171;7345664;Argentina Primera División;2024;2024-04-06 19:15:00;13;San Lorenzo;Defensa y Justicia;0;0;0;0;2;2;3,5;1,91;3,75;2,5;3,1;3;1,11;6,28;1,57;2,41;2,7;1,44;2,2;1,62;D;A
172;7345665;Argentina Primera División;2024;2024-04-06 19:15:00;13;Estudiantes;Central Córdoba SdE;2;0;2;5;0;5;2,05;2,2;7,5;1,45;4;8,5;1,06;8,27;1,39;2,91;2,15;1,67;2,38;1,53;H;H
173;7345660;Argentina Primera División;2024;2024-04-06 21:30:00;13;Talleres Córdoba;Independiente Rivadavia;1;1;2;1;1;2;1,95;2,38;6,5;1,44;4,2;8,5;1,01;9,4;1,25;3,42;1,8;2;1,91;1,8;D;D
174;7345667;Argentina Primera División;2024;2024-04-06 21:30:00;13;Unión Santa Fe;Belgrano;1;2;3;1;2;3;2,5;2;5,5;1,75;3,3;5,25;0;0;1,56;2,48;2,5;1,5;2,25;1,57;A;A
175;7345658;Argentina Primera División;2024;2024-04-07 16:00:00;13;Atlético Tucumán;Gimnasia La Plata;1;1;2;3;2;5;2,63;2,05;4,5;1,95;3,2;4,5;1,08;7,15;1,47;2,59;2,2;1,65;1,91;1,8;D;H
176;7345655;Argentina Primera División;2024;2024-04-07 16:00:00;13;Barracas Central;Instituto;1;0;1;3;2;5;3,75;1,91;3,4;2,9;3,1;2,6;1,12;5,5;1,56;2,44;2,5;1,5;2,1;1,67;H;H
177;7345666;Argentina Primera División;2024;2024-04-07 18:30:00;13;Racing Club;Lanús;1;0;1;2;0;2;2,75;2;4,5;2;3,4;3,8;1,07;7,61;1,44;2,72;2,25;1,62;2,1;1,67;H;H
178;7345656;Argentina Primera División;2024;2024-04-07 21:00:00;13;River Plate;Rosario Central;0;1;1;2;1;3;1,62;2,75;10;1,2;6,5;15;1,04;12;1,26;3,67;1,57;2,35;2,2;1,62;A;H
179;7345657;Argentina Primera División;2024;2024-04-08 15:30:00;13;Deportivo Riestra;Huracán;0;0;0;0;0;0;4,33;1,91;3,1;3,6;3;2,25;1,12;5,87;1,61;2,33;2,88;1,4;2,25;1,57;D;D
180;7345661;Argentina Primera División;2024;2024-04-08 20:00:00;13;Platense;Tigre;1;1;2;3;1;4;3,1;1,91;4,33;2,25;3;3,6;1,12;6,6;1,58;2,41;2,7;1,44;2,2;1,62;D;H
181;7345662;Argentina Primera División;2024;2024-04-08 20:00:00;13;Godoy Cruz;Sarmiento;0;0;0;1;0;1;2,2;2,1;7,5;1,5;4,2;6,5;1,1;7,65;1,52;2,55;2,35;1,57;2,5;1,5;D;H
182;7345675;Argentina Primera División;2024;2024-04-13 17:00:00;14;Tigre;Unión Santa Fe;0;0;0;0;1;1;3,75;1,95;3,2;3,2;3,1;2,4;1,07;7,61;1,46;2,65;2,5;1,5;2;1,73;D;A
183;7345671;Argentina Primera División;2024;2024-04-13 19:00:00;14;Huracán;Atlético Tucumán;3;0;3;4;0;4;2,75;1,95;4,75;2;3,3;4;1,1;6,5;1,5;2,55;2,4;1,53;2,2;1,62;H;H
184;7345681;Argentina Primera División;2024;2024-04-14 16:00:00;14;Sarmiento;Platense;0;1;1;0;1;1;3,6;1,8;4;2,6;2,88;3,1;1,11;5,5;1,57;2,25;3,4;1,33;2,5;1,5;A;A
185;7345670;Argentina Primera División;2024;2024-04-14 18:15:00;14;Gimnasia La Plata;Banfield;1;0;1;1;2;3;3,5;1,91;3,75;2,6;3,2;2,88;1,1;6,5;1,5;2,5;2,7;1,44;2,1;1,67;H;A
186;7345678;Argentina Primera División;2024;2024-04-14 20:00:00;14;Central Córdoba SdE;San Lorenzo;0;0;0;0;0;0;4;1,83;3,4;3,1;3,1;2,5;1,11;5,5;1,57;2,25;2,88;1,4;2,38;1,53;D;D
187;7345674;Argentina Primera División;2024;2024-04-15 20:00:00;14;Argentinos Juniors;Barracas Central;3;1;4;3;3;6;2,6;2,05;4,75;1,85;3,1;5,25;1,1;7,9;1,4;2,97;2,15;1,67;1,91;1,8;H;D
188;7345669;Argentina Primera División;2024;2024-04-15 20:00:00;14;Independiente;Talleres Córdoba;2;0;2;2;2;4;3,1;1,95;4;2,3;3,1;3,4;1,08;7,29;1,46;2,65;2,4;1,53;2,1;1,67;H;D
189;7345668;Argentina Primera División;2024;2024-04-15 20:00:00;14;Independiente Rivadavia;Vélez Sarsfield;0;1;1;0;1;1;5;2;2,6;4,33;3,4;1,85;1,07;7,77;1,43;2,76;2,35;1,57;2,2;1,62;A;A
190;7345673;Argentina Primera División;2024;2024-04-15 20:00:00;14;Instituto;River Plate;1;0;1;1;3;4;4,5;1,95;2,88;3,8;3,2;2,05;1,08;9,15;1,39;3;2,4;1,53;2,1;1,67;H;A
191;7345676;Argentina Primera División;2024;2024-04-16 19:30:00;14;Belgrano;Racing Club;0;2;2;0;4;4;4,75;2,05;2,6;4,33;3,4;1,85;1,1;10;1,42;3,2;2,15;1,67;2;1,73;A;A
192;7345677;Argentina Primera División;2024;2024-04-16 19:30:00;14;Lanús;Estudiantes;1;0;1;1;2;3;3,4;1,95;3,75;2,55;3,2;2,88;1,09;6;1,48;2,5;2,4;1,53;2,1;1,67;H;A
193;7345679;Argentina Primera División;2024;2024-04-16 19:30:00;14;Defensa y Justicia;Newell's Old Boys;0;0;0;1;0;1;3,1;2,1;3,5;2,45;3,4;2,88;1,09;6;1,48;2,5;2,05;1,75;1,83;1,83;D;H
194;7345680;Argentina Primera División;2024;2024-04-16 19:30:00;14;Boca Juniors;Godoy Cruz;1;0;1;1;0;1;2,2;2,1;6,5;1,57;4;6;1,07;7,61;1,46;2,65;2,15;1,67;2,25;1,57;H;H
195;7345672;Argentina Primera División;2024;2024-04-17 19:30:00;14;Rosario Central;Deportivo Riestra;1;1;2;1;1;2;2,4;1,95;6,5;1,7;3,4;5,75;1,07;7,61;1,45;2,66;2,7;1,44;2,5;1,5;D;D
196;7416425;Argentina Primera División;2024;2024-04-20 15:30:00;0;Argentinos Juniors;Defensa y Justicia;0;1;1;1;1;2;3;2,05;3,75;2,2;3,3;3,1;1,06;8,5;1,4;2,9;2,2;1,65;1,91;1,8;A;D
197;7416427;Argentina Primera División;2024;2024-04-20 18:30:00;0;Estudiantes;Barracas Central;1;0;1;3;0;3;2,2;2,2;6;1,57;3,75;6,5;1,03;8,75;1,36;3,15;2,08;1,73;2,1;1,67;H;H
198;7416426;Argentina Primera División;2024;2024-04-20 21:30:00;0;Godoy Cruz;Vélez Sarsfield;1;1;2;1;2;3;3,6;1,83;4;2,63;2,88;2,9;1,11;6,25;1,62;2,25;2,88;1,4;2,25;1,57;D;A
199;7416428;Argentina Primera División;2024;2024-04-21 15:30:00;0;River Plate;Boca Juniors;1;1;2;2;3;5;3;1,95;4;2,25;3;3,4;1,09;8,5;1,47;2,75;2,4;1,53;2;1,73;D;A
200;7420809;Argentina Primera División;2024;2024-04-28 15:30:00;0;Argentinos Juniors;Vélez Sarsfield;0;0;0;0;0;0;3,6;1,91;3,6;2,8;2,9;2,8;1,1;7,5;1,5;2,65;2,6;1,48;2,1;1,67;D;D
201;7420931;Argentina Primera División;2024;2024-04-30 20:00:00;0;Estudiantes;Boca Juniors;0;1;1;1;1;2;3,75;1,91;3,4;3;3;2,55;1,09;8;1,47;2,75;2,7;1,44;2,2;1,62;A;D
202;7425960;Argentina Primera División;2024;2024-05-05 15:30:00;0;Estudiantes;Vélez Sarsfield;1;0;1;1;1;2;3,1;1,95;4;2,3;3,25;3,25;1,08;9;1,38;3,07;2,5;1,5;2,1;1,67;H;D
203;7345111;Argentina Primera División;2024;2024-05-10 19:00:00;1;Sarmiento;Instituto;0;1;1;1;2;3;4,5;1,83;3,1;3,75;3;2,2;1,11;5,9;1,58;2,25;2,88;1,4;2,25;1,57;A;A
204;7345115;Argentina Primera División;2024;2024-05-10 21:15:00;1;Newell's Old Boys;Platense;0;0;0;2;0;2;2,75;1,91;5;2;3,25;4,2;1,02;5,4;1,7;2;2,7;1,44;2,25;1,57;D;H
205;7345106;Argentina Primera División;2024;2024-05-10 21:15:00;1;Argentinos Juniors;Rosario Central;2;2;4;3;2;5;2,6;1,95;5,5;1,83;3,25;5;1,07;8,2;1,41;2,7;2,6;1,48;2,25;1,57;D;H
206;7345113;Argentina Primera División;2024;2024-05-11 14:30:00;1;Huracán;Defensa y Justicia;1;0;1;3;1;4;2,88;1,95;4,5;2,15;3,1;3,8;1,02;2,3;1,52;2,35;2,4;1,53;2,05;1,7;H;H
207;7345110;Argentina Primera División;2024;2024-05-11 15:30:00;1;Godoy Cruz;Barracas Central;0;0;0;0;1;1;2,3;2,1;5,5;1,7;3,4;5,75;1,08;6,2;1,5;2,45;2,15;1,67;2,05;1,7;D;A
208;7345116;Argentina Primera División;2024;2024-05-11 17:30:00;1;Independiente;Talleres Córdoba;1;1;2;1;3;4;2,88;1,95;4,5;2,1;3,25;3,75;1,08;6,2;1,5;2,45;2,5;1,5;2,2;1,62;D;A
209;7345104;Argentina Primera División;2024;2024-05-11 19:45:00;1;River Plate;Central Córdoba SdE;2;0;2;3;0;3;1,62;2,75;10;1,22;7;11;1,05;9,5;1,25;3,7;1,53;2,4;2,2;1,62;H;H
210;7345107;Argentina Primera División;2024;2024-05-12 15:30:00;1;Tigre;Estudiantes;0;1;1;0;1;1;4,5;1,91;3;3,6;3,1;2,15;1,1;6,6;1,55;2,39;2,5;1,5;2,2;1,62;A;A
211;7345108;Argentina Primera División;2024;2024-05-12 15:30:00;1;Deportivo Riestra;San Lorenzo;1;0;1;1;0;1;3,75;1,8;3,75;3;2,75;2,88;1,11;6,18;1,55;2,3;3,1;1,36;2,38;1,53;H;H
212;7345105;Argentina Primera División;2024;2024-05-12 17:45:00;1;Belgrano;Racing Club;1;3;4;4;4;8;4;2,05;3;3,3;3,3;2,25;1,02;8,8;1,4;2,82;2,25;1,62;1,95;1,8;A;D
213;7345109;Argentina Primera División;2024;2024-05-12 17:45:00;1;Lanús;Independiente Rivadavia;0;1;1;0;2;2;2,3;2,1;5,5;1,67;3,6;5,25;1,04;7,8;1,35;2,9;2,15;1,67;2,05;1,7;A;A
214;7345117;Argentina Primera División;2024;2024-05-12 20:15:00;1;Atlético Tucumán;Boca Juniors;1;0;1;1;0;1;3,75;1,91;3,4;2,9;3;2,6;1,02;2,46;1,5;2,4;2,6;1,48;2,1;1,67;H;H
215;7345114;Argentina Primera División;2024;2024-05-13 19:00:00;1;Gimnasia La Plata;Vélez Sarsfield;1;0;1;3;1;4;3,6;2;3,25;2,9;3,1;2,55;1,07;8;1,38;2,95;2,25;1,62;1,95;1,8;H;H
216;7345112;Argentina Primera División;2024;2024-05-13 21:00:00;1;Unión Santa Fe;Banfield;0;0;0;1;0;1;3,4;1,83;4,33;2,45;2,75;3,6;1,12;6;1,58;2,25;2,88;1,4;2,25;1,57;D;H
217;7345126;Argentina Primera División;2024;2024-05-18 15:30:00;2;Independiente Rivadavia;Godoy Cruz;0;0;0;0;0;0;4,5;1,91;3,1;3,6;3,1;2,2;1,11;5,3;1,55;2,35;2,7;1,44;2,2;1,62;D;D
218;7345131;Argentina Primera División;2024;2024-05-18 18:00:00;2;River Plate;Belgrano;1;0;1;3;0;3;1,8;2,5;8;1,3;5;10;1,05;11,5;1,3;3,3;1,67;2,15;2,05;1,7;H;H
219;7345122;Argentina Primera División;2024;2024-05-18 20:00:00;2;Defensa y Justicia;Gimnasia La Plata;0;1;1;1;1;2;3;2,05;4;2,25;3,25;3,3;1,08;7,5;1,42;2,8;2,15;1,67;1,95;1,8;A;D
220;7345124;Argentina Primera División;2024;2024-05-18 20:30:00;2;Instituto;Unión Santa Fe;1;1;2;1;1;2;3,1;1,83;4,5;2,25;2,88;3,75;1,12;5,78;1,55;2,3;2,88;1,4;2,25;1,57;D;D
221;7345125;Argentina Primera División;2024;2024-05-19 15:00:00;2;Barracas Central;Sarmiento;1;1;2;1;1;2;2,88;1,95;4,75;2,05;3,2;4;1,12;6,25;1,6;2,2;2,5;1,5;2,1;1,67;D;D
222;7345120;Argentina Primera División;2024;2024-05-19 15:30:00;2;Platense;Independiente;0;0;0;0;0;0;4,33;1,8;3,4;3,3;2,9;2,45;1,13;5;1,67;2,1;3,1;1,36;2,38;1,53;D;D
223;7345119;Argentina Primera División;2024;2024-05-19 17:45:00;2;Talleres Córdoba;Atlético Tucumán;1;0;1;2;0;2;2,4;2,1;5,5;1,75;3,6;5;1,07;7,61;1,43;2,76;2,2;1,65;2,05;1,7;H;H
224;7345123;Argentina Primera División;2024;2024-05-19 17:45:00;2;Banfield;Huracán;0;1;1;1;1;2;3,4;1,83;4,33;2,7;2,9;2,9;1,13;5,75;1,6;2,2;2,88;1,4;2,2;1,62;A;D
225;7345118;Argentina Primera División;2024;2024-05-19 20:00:00;2;Central Córdoba SdE;Boca Juniors;2;0;2;2;4;6;6;2,05;2,38;5,5;3,5;1,7;1,07;6,25;1,48;2,45;2,3;1,6;2,2;1,62;H;A
226;7345128;Argentina Primera División;2024;2024-05-20 19:00:00;2;Estudiantes;Deportivo Riestra;1;0;1;2;0;2;2,1;2,1;8;1,48;3,8;9;1,11;6,25;1,48;2,6;2,25;1,62;2,5;1,5;H;H
227;7345127;Argentina Primera División;2024;2024-05-20 19:00:00;2;San Lorenzo;Lanús;0;1;1;1;1;2;3,5;1,83;4;2,6;2,88;3,1;1,12;5,25;1,6;2,2;3,1;1,36;2,25;1,57;A;D
228;7345130;Argentina Primera División;2024;2024-05-20 21:15:00;2;Racing Club;Argentinos Juniors;1;0;1;3;0;3;2,6;2,05;4,75;1,9;3,25;4,5;1,09;6,4;1,38;2,94;2,15;1,67;1,95;1,8;H;H
229;7345129;Argentina Primera División;2024;2024-05-20 21:15:00;2;Rosario Central;Tigre;0;1;1;1;1;2;2,5;2,05;5,5;1,8;3,5;5;1,08;7,2;1,46;2,65;2,35;1,57;2,1;1,67;A;D
230;7345121;Argentina Primera División;2024;2024-05-21 20:00:00;2;Vélez Sarsfield;Newell's Old Boys;1;0;1;1;0;1;3;1,91;4,5;2,2;3;3,8;1,1;6,5;1,55;2,25;2,7;1,44;2,2;1,62;H;H
231;7345135;Argentina Primera División;2024;2024-05-24 15:30:00;3;Deportivo Riestra;Rosario Central;0;1;1;0;2;2;3,2;1,83;4,5;2,3;2,9;3,6;1,11;6,25;1,52;2,35;3,1;1,36;2,25;1,57;A;A
232;7345134;Argentina Primera División;2024;2024-05-24 19:00:00;3;Tigre;Racing Club;0;2;2;0;4;4;5;2,2;2,3;5,25;3,7;1,7;1,06;8,4;1,38;2,94;1,95;1,85;1,95;1,8;A;A
233;7345136;Argentina Primera División;2024;2024-05-24 21:15:00;3;Lanús;Estudiantes;0;0;0;2;1;3;3,4;1,95;3,75;2,55;3;3,1;1,1;6,5;1,5;2,5;2,5;1,5;2,05;1,7;D;H
234;7345132;Argentina Primera División;2024;2024-05-24 21:15:00;3;Belgrano;Central Córdoba SdE;0;1;1;2;1;3;2,3;2,2;5,5;1,7;3,6;5,5;1,1;6,5;1,5;2,55;2,05;1,75;1,95;1,8;A;H
235;7345133;Argentina Primera División;2024;2024-05-25 15:00:00;3;Argentinos Juniors;River Plate;1;0;1;1;0;1;4,75;2,1;2,5;4,33;3,5;1,85;1,07;8;1,36;3,1;2,1;1,7;1,95;1,8;H;H
236;7345142;Argentina Primera División;2024;2024-05-25 17:30:00;3;Newell's Old Boys;Defensa y Justicia;0;0;0;1;0;1;2,5;2,05;5;1,8;3,3;4,75;1,1;6,5;1,5;2,55;2,25;1,62;2,05;1,7;D;H
237;7345145;Argentina Primera División;2024;2024-05-25 20:00:00;3;Boca Juniors;Talleres Córdoba;0;0;0;0;0;0;2,63;2,05;4,5;1,91;3,3;4,33;1,06;6,6;1,45;2,48;2,2;1,65;1,95;1,8;D;D
238;7345140;Argentina Primera División;2024;2024-05-26 15:30:00;3;Huracán;Instituto;0;0;0;1;0;1;2,75;1,91;5;1,95;3,2;4,33;1,14;5,7;1,65;2,26;2,7;1,44;2,25;1,57;D;H
239;7345138;Argentina Primera División;2024;2024-05-26 17:30:00;3;Sarmiento;Independiente Rivadavia;0;0;0;0;1;1;3,1;1,91;4,5;2,2;2,9;3,8;1,11;5,3;1,69;2,18;2,88;1,4;2,25;1,57;D;A
240;7345141;Argentina Primera División;2024;2024-05-26 17:45:00;3;Gimnasia La Plata;Banfield;0;0;0;3;0;3;2,6;2,05;5;1,9;3,25;4,75;1,11;6,75;1,5;2,64;2,3;1,6;2,05;1,7;D;H
241;7345143;Argentina Primera División;2024;2024-05-26 20:00:00;3;Independiente;Vélez Sarsfield;0;1;1;1;1;2;3,5;1,83;3,75;2,63;2,9;3;1,12;5,75;1,6;2,2;2,88;1,4;2,2;1,62;A;D
242;7345139;Argentina Primera División;2024;2024-05-27 19:00:00;3;Unión Santa Fe;Barracas Central;1;0;1;2;0;2;2,6;2;5;1,85;3,3;4,75;1,07;6,35;1,56;2,43;2,35;1,57;2,1;1,67;H;H
243;7345144;Argentina Primera División;2024;2024-05-27 21:00:00;3;Atlético Tucumán;Platense;0;0;0;1;1;2;2,88;1,91;5;2,05;3;4,33;1,11;6,18;1,52;2,35;2,88;1,4;2,38;1,53;D;D
244;7345157;Argentina Primera División;2024;2024-06-01 18:00:00;4;Racing Club;Deportivo Riestra;0;0;0;1;0;1;1,95;2,3;7,5;1,4;4,33;9,5;1,04;10;1,25;3,85;1,95;1,85;2,2;1,62;D;H
245;7345148;Argentina Primera División;2024;2024-06-01 20:15:00;4;Vélez Sarsfield;Atlético Tucumán;0;1;1;1;1;2;2,75;1,95;5;1,95;3,4;4,1;1,08;8;1,45;2,55;2,5;1,5;2,2;1,62;A;D
246;7345159;Argentina Primera División;2024;2024-06-01 20:15:00;4;Belgrano;Argentinos Juniors;0;0;0;1;0;1;3,6;1,91;3,5;2,8;3;2,7;1,1;6,5;1,48;2,6;2,6;1,48;2,05;1,7;D;H
247;7345147;Argentina Primera División;2024;2024-06-02 14:30:00;4;Platense;Boca Juniors;0;0;0;1;0;1;5;1,91;2,88;4,5;2,9;2,05;1,08;6;1,52;2,35;2,88;1,4;2,25;1,57;D;H
248;7345156;Argentina Primera División;2024;2024-06-02 18:00:00;4;Rosario Central;Lanús;0;1;1;1;1;2;3,1;1,91;4,33;2,2;3,2;3,5;1,07;6,4;1,48;2,45;2,6;1,48;2,2;1,62;A;D
249;7345146;Argentina Primera División;2024;2024-06-02 18:00:00;4;Central Córdoba SdE;Talleres Córdoba;1;1;2;2;4;6;5;2,1;2,4;4,75;3,7;1,75;1,06;10;1,32;3,1;2,05;1,75;1,95;1,8;D;A
250;7345158;Argentina Primera División;2024;2024-06-02 20:15:00;4;River Plate;Tigre;1;1;2;3;1;4;1,67;2,75;9,5;1,25;6,25;11;1,02;19;1,15;4,45;1,6;2,3;2,1;1,67;D;H
251;7345151;Argentina Primera División;2024;2024-06-02 20:15:00;4;Instituto;Gimnasia La Plata;1;1;2;2;1;3;3,1;1,95;4;2,3;3,2;3,2;1,09;7,5;1,48;2,45;2,4;1,53;2,05;1,7;D;H
252;7345154;Argentina Primera División;2024;2024-06-03 19:00:00;4;San Lorenzo;Sarmiento;0;0;0;0;1;1;2,75;1,8;6;1,9;2,88;5,5;1,07;6,25;1,48;2,45;3,5;1,3;2,75;1,4;D;A
253;7345149;Argentina Primera División;2024;2024-06-03 21:15:00;4;Defensa y Justicia;Independiente;0;0;0;0;0;0;3,6;1,91;3,75;2,75;3,1;2,75;1,08;7,46;1,46;2,65;2,7;1,44;2,2;1,62;D;D
254;7345155;Argentina Primera División;2024;2024-06-03 21:15:00;4;Estudiantes;Godoy Cruz;0;1;1;1;1;2;2,5;1,95;6;1,75;3,4;5;1,07;6,3;1,48;2,45;2,6;1,48;2,38;1,53;A;D
1;7373175;Brazil Serie A;2024;2024-04-13 18:30:00;1;Internacional;Bahia;0;0;0;2;1;3;2,5;2,1;4,75;1,75;3,45;4,5;1,03;8,2;1,32;2,98;1,95;1,75;1,95;1,8;D;H
2;7373184;Brazil Serie A;2024;2024-04-13 18:30:00;1;Criciúma;Juventude;1;0;1;1;1;2;2,88;2;4,33;2,1;3,05;3,5;1,05;7;1,41;2,61;2,3;1,55;2,05;1,7;H;D
3;7373178;Brazil Serie A;2024;2024-04-13 21:00:00;1;Fluminense;Bragantino;1;0;1;2;2;4;2,63;2,05;4,5;1,95;3,3;4,2;1,03;8,2;1,35;3,3;2,15;1,67;1,95;1,8;H;D
4;7373181;Brazil Serie A;2024;2024-04-13 21:00:00;1;São Paulo;Fortaleza;0;0;0;1;2;3;2,63;2;4,75;1,95;3,3;4;1,05;6,95;1,44;2,85;2,35;1,57;2,05;1,7;D;A
5;7373179;Brazil Serie A;2024;2024-04-14 16:00:00;1;Vasco da Gama;Grêmio;2;0;2;2;1;3;3;2,05;3,75;2,15;3,3;3,2;1,03;7,9;1,37;3,21;2;1,73;1,91;1,91;H;H
6;7373180;Brazil Serie A;2024;2024-04-14 16:00:00;1;Corinthians;Atlético Mineiro;0;0;0;0;0;0;3,4;1,91;3,75;2,6;3;2,75;1,12;6,7;1,51;2,32;2,2;1,6;2,1;1,67;D;D
7;7373182;Brazil Serie A;2024;2024-04-14 16:00:00;1;Atlético PR;Cuiabá;3;0;3;4;0;4;2,25;2,1;6,5;1,53;3,75;6;1,04;7,4;1,43;2,9;2,12;1,64;2,2;1,62;H;H
8;7373183;Brazil Serie A;2024;2024-04-14 16:00:00;1;Atlético GO;Flamengo;0;1;1;1;2;3;5;2,1;2,5;4,2;3,5;1,8;1,02;8,9;1,33;3,43;1,96;1,89;1,95;1,8;A;A
9;7373176;Brazil Serie A;2024;2024-04-14 17:00:00;1;Cruzeiro;Botafogo;1;1;2;3;2;5;3,1;1,95;4;2,15;3,1;3,4;1,11;7,26;1,48;2,4;2,45;1,48;2,05;1,7;D;H
10;7373177;Brazil Serie A;2024;2024-04-14 18:30:00;1;Vitória;Palmeiras;0;1;1;0;1;1;4,75;2,1;2,5;5;3,8;1,62;1,01;9,4;1,31;3,57;1,83;2,03;1,95;1,8;A;A
11;7373187;Brazil Serie A;2024;2024-04-16 21:30:00;2;Bahia;Fluminense;1;1;2;2;1;3;2,75;2,2;3,75;2,15;3,4;3,5;1,05;9,9;1,34;3,44;1,9;1,9;1,7;2,05;D;H
12;7373185;Brazil Serie A;2024;2024-04-17 19:00:00;2;Grêmio;Atlético PR;1;0;1;2;0;2;3,25;2,05;3,4;2,6;3,25;2,75;1,07;8;1,38;3;2,1;1,7;1,91;1,91;H;H
13;7373191;Brazil Serie A;2024;2024-04-17 19:00:00;2;Bragantino;Vasco da Gama;1;0;1;2;1;3;2,6;2,2;4,5;1,91;3,5;4,2;1,07;9,5;1,35;3,25;2;1,8;1,8;1,95;H;H
14;7373194;Brazil Serie A;2024;2024-04-17 20:00:00;2;Juventude;Corinthians;0;0;0;2;0;2;4,33;1,83;3,2;3,5;3;2,3;1,08;8,7;1,42;2,88;2,88;1,4;2,25;1,57;D;H
15;7373192;Brazil Serie A;2024;2024-04-17 20:00:00;2;Fortaleza;Cruzeiro;1;0;1;1;1;2;2,75;2;4,75;1,95;3,4;4;1,08;7,5;1,42;2,8;2,25;1,62;2,05;1,7;H;D
16;7373186;Brazil Serie A;2024;2024-04-17 20:00:00;2;Atlético Mineiro;Criciúma;1;0;1;1;1;2;2,05;2,2;7;1,5;4;7;1,04;13,5;1,26;3,87;2,05;1,75;2,2;1,62;H;D
17;7373190;Brazil Serie A;2024;2024-04-17 20:00:00;2;Palmeiras;Internacional;0;1;1;0;1;1;2,3;2,1;6;1,65;3,6;6;1,06;8,5;1,35;3,1;2,2;1,65;2,1;1,67;A;A
18;7373188;Brazil Serie A;2024;2024-04-17 21:30:00;2;Flamengo;São Paulo;1;0;1;2;1;3;2,3;2,1;5,5;1,62;3,6;6;1,06;8,5;1,33;3,2;2,15;1,67;2,05;1,7;H;H
19;7373189;Brazil Serie A;2024;2024-04-18 21:30:00;2;Botafogo;Atlético GO;1;0;1;1;0;1;2,38;2,1;5,5;1,73;3,5;5;1,07;8;1,36;3,1;2,08;1,73;1,95;1,8;H;H
20;7373198;Brazil Serie A;2024;2024-04-20 16:00:00;3;Fluminense;Vasco da Gama;1;0;1;2;1;3;2,6;2,1;4,5;1,94;3,47;4,11;1,02;8,7;1,29;3,15;1,95;1,76;1,91;1,91;H;H
21;7373201;Brazil Serie A;2024;2024-04-20 18:30:00;3;Bragantino;Corinthians;1;0;1;1;0;1;2,88;2,05;4;1,8;3,48;4,9;1,06;8,5;1,35;3,1;2,3;1,55;1,95;1,8;H;H
22;7373195;Brazil Serie A;2024;2024-04-20 18:30:00;3;Grêmio;Cuiabá;1;0;1;1;0;1;2,4;2,05;6;1,72;3,67;5,1;1,07;8;1,35;3,1;2,05;1,7;2,2;1,62;H;H
23;7373196;Brazil Serie A;2024;2024-04-20 21:00:00;3;Atlético Mineiro;Cruzeiro;3;0;3;3;0;3;2,63;2;5;1,91;3,5;4;1,07;8;1,42;2,8;2,35;1,57;2,2;1,62;H;H
24;7373200;Brazil Serie A;2024;2024-04-21 16:00:00;3;Palmeiras;Flamengo;0;0;0;0;0;0;3;2,05;4;2,2;3,13;3;1,06;8,5;1,35;3,1;2,05;1,7;2;1,75;D;D
25;7373202;Brazil Serie A;2024;2024-04-21 16:00:00;3;Atlético PR;Internacional;0;0;0;1;0;1;2,63;2,05;4,5;1,83;3,6;4;1,04;7,7;1,36;2,8;2;1,67;2;1,75;D;H
26;7373197;Brazil Serie A;2024;2024-04-21 16:00:00;3;Vitória;Bahia;1;0;1;2;2;4;3,5;2,05;3,2;2,6;3,2;2,8;1,08;7,5;1,42;2,8;2,15;1,57;1,8;1,95;H;D
27;7373199;Brazil Serie A;2024;2024-04-21 18:30:00;3;Botafogo;Juventude;2;0;2;5;1;6;2,38;2,1;5,5;1,73;3,6;4,75;1,03;8;1,33;2,93;2;1,65;2,1;1,67;H;H
28;7373203;Brazil Serie A;2024;2024-04-21 18:30:00;3;Atlético GO;São Paulo;0;1;1;0;3;3;3,5;1,95;3,6;2,8;2,9;2,45;1,05;7,2;1,39;2,68;2,38;1,53;2,05;1,7;A;A
29;7373209;Brazil Serie A;2024;2024-04-27 16:00:00;4;Vasco da Gama;Criciúma;0;1;1;0;4;4;2,1;2,2;6,5;1,61;3,5;4,6;1,06;8,5;1,33;3,2;2,05;1,7;2,2;1,62;A;A
30;7373213;Brazil Serie A;2024;2024-04-27 18:30:00;4;Cuiabá;Atlético Mineiro;0;1;1;0;3;3;4,33;1,91;3,1;3,25;3;2,1;1,1;7,5;1,5;2,4;2,37;1,53;2,25;1,57;A;A
31;7373207;Brazil Serie A;2024;2024-04-27 21:00:00;4;Bahia;Grêmio;1;0;1;1;0;1;2,5;2,2;4,5;1,91;3,6;4;1,05;10;1,33;3,25;1,95;1,85;1,8;1,95;H;H
32;7373208;Brazil Serie A;2024;2024-04-28 11:00:00;4;Flamengo;Botafogo;0;0;0;0;2;2;2,25;2,2;5,5;1,6;3,61;5;1,06;11,25;1,33;3,33;2,03;1,85;1,95;1,8;D;A
33;7373210;Brazil Serie A;2024;2024-04-28 16:00:00;4;Corinthians;Fluminense;2;0;2;3;0;3;3;2;4;2,3;2,9;2,9;1,08;8,5;1,44;2,8;2,3;1,55;1,95;1,8;H;H
34;7373206;Brazil Serie A;2024;2024-04-28 16:00:00;4;Cruzeiro;Vitória;0;0;0;3;1;4;2,25;2,1;6,5;1,53;3,6;5,5;1,07;9;1,42;2,85;2,1;1,65;2,2;1,62;D;H
35;7373212;Brazil Serie A;2024;2024-04-28 18:30:00;4;Fortaleza;Bragantino;1;1;2;1;1;2;2,63;2,1;4,5;2,1;3;3,25;1,07;9,7;1,35;3,22;2,2;1,6;1,91;1,91;D;D
36;7373214;Brazil Serie A;2024;2024-04-28 18:30:00;4;Juventude;Atlético PR;1;0;1;1;1;2;4;2;3;2,8;2,87;2,4;1,08;6,5;1,42;2,62;2,3;1,53;1,95;1,8;H;D
37;7373205;Brazil Serie A;2024;2024-04-28 20:00:00;4;Internacional;Atlético GO;0;0;0;1;1;2;2,2;2,1;6,5;1,57;3,8;6,5;1,03;12;1,28;3,6;2,1;1,7;2,1;1,67;D;D
38;7373211;Brazil Serie A;2024;2024-04-29 20:00:00;4;São Paulo;Palmeiras;0;0;0;0;0;0;3,25;1,91;4;2,45;2,9;3,25;1,06;6,6;1,53;2,38;2,6;1,48;2,2;1,62;D;D
39;7373218;Brazil Serie A;2024;2024-05-04 16:00:00;5;Fluminense;Atlético Mineiro;1;0;1;2;2;4;4;2,05;3;1,86;3,35;3,85;1,05;8;1,36;2,88;2,2;1,55;1,95;1,8;H;D
40;7373221;Brazil Serie A;2024;2024-05-04 18:30:00;5;Bragantino;Flamengo;1;0;1;1;1;2;3,6;2,05;3,2;2,96;3,2;2,25;1,04;8,5;1,33;3;2,15;1,58;1,91;1,91;H;D
41;7373220;Brazil Serie A;2024;2024-05-04 21:00:00;5;Corinthians;Fortaleza;0;0;0;0;0;0;3,1;1,91;4,33;2,25;3,2;3,5;1,08;6,5;1,44;2,6;2,6;1,48;2,2;1,62;D;D
42;7373222;Brazil Serie A;2024;2024-05-05 16:00:00;5;Atlético PR;Vasco da Gama;1;0;1;1;0;1;2,38;2,1;5,5;1,67;3,6;5;1,05;9;1,33;3,2;2,04;1,73;2,05;1,7;H;H
43;7373217;Brazil Serie A;2024;2024-05-05 16:00:00;5;Vitória;São Paulo;0;1;1;1;3;4;4,33;1,95;3;3,7;2,9;2,18;1,1;7,5;1,5;2,6;2,27;1,59;2,05;1,7;A;A
44;7373219;Brazil Serie A;2024;2024-05-05 18:30:00;5;Botafogo;Bahia;0;1;1;1;2;3;2,88;2,2;3,75;1,81;3,45;4,3;1,05;11;1,29;3,4;2,05;1,67;1,75;2;A;A
45;7373223;Brazil Serie A;2024;2024-05-05 18:30:00;5;Cuiabá;Palmeiras;0;1;1;0;2;2;6;1,95;2,5;3,96;3,35;1,91;1,09;8;1,47;2,7;2,26;1,54;2,25;1,57;A;A
46;7373228;Brazil Serie A;2024;2024-05-11 16:00:00;6;Flamengo;Corinthians;1;0;1;2;0;2;2,25;2,2;6;1,6;3,8;6,25;1,09;8,6;1,38;3;2,15;1,7;2,05;1,7;H;H
47;7373230;Brazil Serie A;2024;2024-05-12 16:00:00;6;Palmeiras;Atlético PR;0;1;1;0;2;2;2,38;2,1;5,5;1,62;3,4;5;1,08;8,6;1,36;3,1;2,1;1,67;2,05;1,7;A;A
48;7373232;Brazil Serie A;2024;2024-05-12 16:00:00;6;Fortaleza;Botafogo;1;1;2;1;1;2;2,6;2,1;4,75;1,8;3,25;4;1,07;9;1,4;2,95;2,1;1,67;1,95;1,8;D;D
49;7373233;Brazil Serie A;2024;2024-05-12 16:00:00;6;Atlético GO;Cruzeiro;0;0;0;0;1;1;3,6;2;3,4;2,55;3;2,63;1,08;6,5;1,42;2,62;2,38;1,53;2;1,75;D;A
50;7373227;Brazil Serie A;2024;2024-05-12 18:30:00;6;Bahia;Bragantino;1;0;1;1;0;1;2,38;2,25;4,75;1,75;3,8;4,33;1,04;9,2;1,3;3,4;1,85;1,95;1,8;1,95;H;H
51;7373229;Brazil Serie A;2024;2024-05-12 18:30:00;6;Vasco da Gama;Vitória;0;0;0;2;1;3;2,38;2,1;5;1,73;3,6;5;1,06;7,5;1,38;2,8;2,05;1,75;1,95;1,8;D;H
52;7373231;Brazil Serie A;2024;2024-05-13 20:00:00;6;São Paulo;Fluminense;1;1;2;2;1;3;2,38;2,1;5,5;1,7;3,6;5,25;1,07;8,5;1,4;2,95;2,1;1,7;2,05;1,7;D;H
53;7373235;Brazil Serie A;2024;2024-06-01 16:00:00;7;Grêmio;Bragantino;0;1;1;0;2;2;3,75;2,05;3,1;2,95;3,12;2,53;1,02;8,7;1,29;3,15;1,91;1,8;1,8;1,95;A;A
54;7373237;Brazil Serie A;2024;2024-06-01 16:00:00;7;Vitória;Atlético GO;0;1;1;0;2;2;2,88;2;4,33;2,16;3,12;3,68;1,08;8,95;1,38;3,07;2,07;1,68;1,95;1,8;A;A
55;7373238;Brazil Serie A;2024;2024-06-01 18:30:00;7;Fluminense;Juventude;1;0;1;1;1;2;2,1;2,25;6;1,57;4,2;5,5;1,05;11;1,3;3,4;1,85;1,95;2;1,75;H;D
56;7373243;Brazil Serie A;2024;2024-06-01 18:30:00;7;Cuiabá;Internacional;0;0;0;0;1;1;4,33;1,83;3,2;3,5;3,1;2,3;1,08;6;1,5;2,4;2,88;1,4;2,25;1,57;D;A
57;7373240;Brazil Serie A;2024;2024-06-01 21:00:00;7;Corinthians;Botafogo;0;0;0;0;1;1;3;1,95;4;2,2;3,2;3,5;1,07;7;1,4;2,7;2,35;1,57;2,05;1,7;D;A
58;7373239;Brazil Serie A;2024;2024-06-02 16:00:00;7;Vasco da Gama;Flamengo;1;3;4;1;6;7;5,5;2,1;2,38;4,29;3,7;1,75;1,07;3;1,33;2,93;2;1,72;2;1,75;A;A
59;7373244;Brazil Serie A;2024;2024-06-02 16:00:00;7;Criciúma;Palmeiras;0;0;0;1;2;3;4,75;2;2,63;3,91;3,35;1,92;1,05;11;1,33;3,4;2,35;1,53;2,05;1,7;D;A
60;7373236;Brazil Serie A;2024;2024-06-02 16:00:00;7;Atlético Mineiro;Bahia;0;0;0;1;1;2;2,3;2,2;5;1,68;3,7;4,86;1,05;11;1,33;3,4;1,88;1,82;1,95;1,8;D;D
61;7373241;Brazil Serie A;2024;2024-06-02 18:30:00;7;São Paulo;Cruzeiro;1;0;1;2;0;2;2,75;1,95;5;2;3,3;4;1,06;8,5;1,38;2,95;2,5;1,5;2,2;1,62;H;H
62;7373242;Brazil Serie A;2024;2024-06-02 18:30:00;7;Fortaleza;Atlético PR;1;0;1;1;0;1;2,75;2,05;4,33;2,05;3,25;3,8;1,08;8,85;1,4;2,98;2,25;1,62;2;1,75;H;H
1;7380328;Brazil Serie B;2024;2024-04-19 19:00:00;1;Botafogo SP;América Mineiro;0;0;0;1;1;2;4;1,95;3,2;3,5;3;2,3;1,1;6,5;1,45;2,65;2,5;1,5;2,1;1,67;D;D
2;7380329;Brazil Serie B;2024;2024-04-19 19:00:00;1;Novorizontino;CRB;0;1;1;2;1;3;2,63;1,95;5,5;1,91;3,1;5;1,08;7,5;1,44;2,7;2,6;1,48;2,25;1,57;A;H
3;7380333;Brazil Serie B;2024;2024-04-19 21:00:00;1;Operário PR;Avaí;0;0;0;1;0;1;3,25;1,91;4;2,4;3,1;3,2;1,1;6,5;1,45;2,6;2,5;1,5;2,1;1,67;D;H
4;7380331;Brazil Serie B;2024;2024-04-20 15:30:00;1;Chapecoense;Ituano;1;0;1;3;1;4;2,75;1,95;5;2,04;3,07;3,96;1,09;7;1,51;2,31;2,4;1,5;2,2;1,62;H;H
5;7380330;Brazil Serie B;2024;2024-04-20 16:30:00;1;Santos;Paysandu;0;0;0;2;0;2;1,91;2,3;8;1,4;4,5;8,5;1,05;9,5;1,22;4;1,95;1,85;2,25;1,57;D;H
6;7380334;Brazil Serie B;2024;2024-04-20 17:00:00;1;Amazonas;Sport Recife;0;1;1;2;3;5;4,33;1,95;3,1;3,5;3;2,25;1,1;6,5;1,47;2,38;2,5;1,5;2,1;1,67;A;A
7;7380335;Brazil Serie B;2024;2024-04-20 18:00:00;1;Ceará;Goiás;1;1;2;1;1;2;3,2;1,95;4;2,3;3,1;3,2;1,09;7;1,45;2,6;2,5;1,5;2,1;1,67;D;D
8;7380327;Brazil Serie B;2024;2024-04-21 18:00:00;1;Ponte Preta;Coritiba;1;0;1;1;1;2;4;1,91;3,25;3;2,9;2,3;1,06;6,45;1,46;2,45;2,5;1,47;2,1;1,67;H;D
9;7380326;Brazil Serie B;2024;2024-04-22 21:00:00;1;Vila Nova;Guarani;1;0;1;2;0;2;2,88;1,91;4,75;2,05;3;4;1,1;6,5;1,47;2,5;2,6;1,48;2,2;1,62;H;H
10;7380332;Brazil Serie B;2024;2024-04-23 21:00:00;1;Brusque;Mirassol;1;0;1;3;1;4;3,5;1,95;3,5;2,75;3,1;2,75;1,06;6,75;1,47;2,64;2,5;1,5;2;1,73;H;H
11;7380345;Brazil Serie B;2024;2024-04-26 19:00:00;2;Sport Recife;Vila Nova;1;0;1;2;0;2;2,3;2,1;6;1,62;3,6;6,5;1,04;7,4;1,38;2,71;2,25;1,62;2,2;1,62;H;H
12;7380339;Brazil Serie B;2024;2024-04-26 19:00:00;2;Ituano;Operário PR;0;1;1;0;2;2;3,6;1,91;3,6;2,75;3,1;2,75;1,1;6,5;1,5;2,4;2,6;1,48;2,1;1,67;A;A
13;7380341;Brazil Serie B;2024;2024-04-26 20:00:00;2;Avaí;Santos;0;0;0;0;2;2;4,75;2;2,75;4,2;3,2;2;1,06;6,5;1,43;2,54;2,35;1,57;2,1;1,67;D;A
14;7380337;Brazil Serie B;2024;2024-04-26 21:00:00;2;Guarani;Chapecoense;0;1;1;0;1;1;2,88;1,95;4,5;2,15;3,1;3,75;1,07;6,25;1,5;2,4;2,5;1,5;2,1;1,67;A;A
15;7380342;Brazil Serie B;2024;2024-04-27 17:00:00;2;CRB;Amazonas;0;0;0;0;0;0;2,1;2,1;7;1,5;3,4;6,5;1,09;7;1,52;2,4;2,25;1,57;2,25;1,57;D;D
16;7380344;Brazil Serie B;2024;2024-04-27 17:00:00;2;Paysandu;Botafogo SP;0;0;0;1;1;2;2,75;1,95;5;1,91;3,1;3,6;1,07;8;1,44;2,75;2,3;1,55;2,2;1,62;D;D
17;7380340;Brazil Serie B;2024;2024-04-27 18:00:00;2;América Mineiro;Novorizontino;1;0;1;2;0;2;2,75;2;4,75;2;3,1;3,4;1,06;6,5;1,5;2,45;2,45;1,5;2,1;1,67;H;H
18;7380343;Brazil Serie B;2024;2024-04-28 16:00:00;2;Coritiba;Brusque;0;0;0;1;0;1;2,1;2,1;7;1,6;3,6;4,8;1,03;8;1,33;2,93;2,05;1,67;2,38;1,53;D;H
19;7380336;Brazil Serie B;2024;2024-04-28 18:30:00;2;Goiás;Ponte Preta;1;0;1;3;0;3;2,3;2,05;6,5;1,75;3,2;4,2;1,06;6,8;1,43;2,54;2,37;1,53;2,38;1,53;H;H
20;7380338;Brazil Serie B;2024;2024-04-29 19:30:00;2;Mirassol;Ceará;2;0;2;3;2;5;2,75;2;4,5;2;3,4;3,75;1,07;8;1,42;2,85;2,35;1,57;2,1;1,67;H;H
21;7380354;Brazil Serie B;2024;2024-05-03 19:00:00;3;Paysandu;Avaí;0;0;0;0;0;0;2,88;1,91;4,75;2,05;3,1;4,2;1,09;7;1,5;2,45;2,6;1,48;2,25;1,57;D;D
22;7380353;Brazil Serie B;2024;2024-05-03 21:30:00;3;Coritiba;Sport Recife;0;1;1;0;1;1;3,2;1,95;4;2,38;3;3,3;1,08;7,5;1,42;2,8;2,4;1,53;2;1,73;A;A
23;7380351;Brazil Serie B;2024;2024-05-04 17:00:00;3;Chapecoense;América Mineiro;1;0;1;2;2;4;3,6;1,95;3,5;2,59;2,98;2,64;1,09;7;1,45;2,7;2,26;1,52;2;1,73;H;D
24;7380346;Brazil Serie B;2024;2024-05-04 18:00:00;3;Vila Nova;Operário PR;0;0;0;1;0;1;2,88;1,91;4,75;1,88;3,25;3,85;1,1;6,5;1,51;2,39;2,46;1,44;2,38;1,53;D;H
25;7380349;Brazil Serie B;2024;2024-05-04 21:00:00;3;Ituano;Novorizontino;1;1;2;1;3;4;4;1,95;3,2;3,3;3,1;2,38;1,1;6,5;1,51;2,4;2,4;1,53;2;1,73;D;A
26;7380352;Brazil Serie B;2024;2024-05-05 16:00:00;3;Brusque;Goiás;0;1;1;0;2;2;4;1,91;3,25;3,1;2,8;2,39;1,11;6,25;1,51;2,4;2,31;1,5;2,1;1,67;A;A
27;7380355;Brazil Serie B;2024;2024-05-06 19:00:00;3;Ceará;CRB;1;1;2;2;2;4;2,88;1,95;4,75;2,05;3;4,2;1,09;7;1,45;2,7;2,6;1,48;2,2;1,62;D;D
28;7380347;Brazil Serie B;2024;2024-05-06 20:00:00;3;Ponte Preta;Amazonas;2;0;2;3;0;3;2,88;1,91;5;2;3,1;4,2;1,09;6;1,5;2,4;2,7;1,44;2,38;1,53;H;H
29;7380350;Brazil Serie B;2024;2024-05-06 21:00:00;3;Santos;Guarani;2;0;2;4;1;5;2,1;2,2;7;1,5;3,8;7;1,04;9,2;1,36;2,88;2,15;1,67;2,25;1,57;H;H
30;7380348;Brazil Serie B;2024;2024-05-07 21:00:00;3;Botafogo SP;Mirassol;0;0;0;0;0;0;3,75;1,91;3,4;2,8;3,1;2,63;1,09;6,5;1,5;2,45;2,6;1,48;2,1;1,67;D;D
31;7380360;Brazil Serie B;2024;2024-05-08 21:00:00;4;América Mineiro;Vila Nova;2;1;3;3;1;4;2,38;2,05;6;1,7;3,6;5,25;1,04;7,4;1,38;2,71;2,3;1,6;2,2;1,62;H;H
32;7380359;Brazil Serie B;2024;2024-05-10 19:00:00;4;Novorizontino;Ceará;0;1;1;0;3;3;2,5;2,1;5;1,85;3,4;4,5;1,08;7,5;1,42;2,8;2,2;1,65;2;1,73;A;A
33;7380356;Brazil Serie B;2024;2024-05-10 21:30:00;4;Goiás;Ituano;1;0;1;2;0;2;1,95;2,25;8,5;1,4;4,2;9,5;1,07;8;1,38;3;2,08;1,73;2,38;1,53;H;H
34;7380362;Brazil Serie B;2024;2024-05-10 21:30:00;4;CRB;Chapecoense;2;0;2;2;0;2;2,6;2;5;1,83;3,25;4,75;1,09;7;1,45;2,7;2,35;1,57;2,1;1,67;H;H
35;7380357;Brazil Serie B;2024;2024-05-11 17:00:00;4;Guarani;Botafogo SP;1;0;1;2;0;2;2,75;1,91;5,5;1,9;3,05;4,3;1,1;6,5;1,5;2,45;2,44;1,49;2,38;1,53;H;H
36;7380363;Brazil Serie B;2024;2024-05-11 17:00:00;4;Operário PR;Ponte Preta;1;0;1;1;1;2;2,75;1,91;5,5;1,9;3,25;3,95;1,08;7;1,47;2,5;2,62;1,43;2,5;1,5;H;D
37;7380364;Brazil Serie B;2024;2024-05-11 17:00:00;4;Amazonas;Santos;1;0;1;1;0;1;6,5;2,05;2,3;4,75;3,3;1,74;1,05;7;1,42;2,57;2,18;1,62;2,25;1,57;H;H
38;7380365;Brazil Serie B;2024;2024-05-11 17:00:00;4;Sport Recife;Brusque;1;0;1;4;1;5;2;2,25;8;1,5;3,85;6,1;1,06;8,5;1,36;3,1;2,02;1,73;2,38;1,53;H;H
39;7380361;Brazil Serie B;2024;2024-05-11 21:00:00;4;Avaí;Coritiba;0;0;0;1;0;1;3,5;1,95;3,6;2,63;3,2;2,7;1,11;6,25;1,47;2,5;2,5;1,5;2,1;1,67;D;H
40;7380358;Brazil Serie B;2024;2024-05-12 16:00:00;4;Mirassol;Paysandu;2;0;2;2;1;3;2,25;2,1;6;1,6;3,4;5,25;1,07;8;1,4;2,9;2,2;1,62;2,25;1,57;H;H
41;7380366;Brazil Serie B;2024;2024-05-14 19:00:00;5;Vila Nova;Novorizontino;0;0;0;2;1;3;3,2;1,95;4;2,4;2,9;3,25;1,1;6,5;1,48;2,6;2,4;1,53;2;1,73;D;H
42;7380371;Brazil Serie B;2024;2024-05-14 19:00:00;5;Avaí;CRB;2;0;2;2;1;3;3,4;1,91;3,75;2,55;3;3;1,1;6,6;1,5;2,4;2,6;1,48;2,1;1,67;H;H
43;7380368;Brazil Serie B;2024;2024-05-14 21:30:00;5;Botafogo SP;Chapecoense;0;0;0;0;0;0;2,88;1,91;4,5;2,1;3;3,8;1,11;6,25;1,5;2,4;2,6;1,48;2,2;1,62;D;D
44;7380373;Brazil Serie B;2024;2024-05-14 21:30:00;5;Coritiba;Guarani;1;0;1;1;0;1;2,38;2,05;6;1,7;3,5;5,25;1,09;7;1,45;2,7;2,3;1,6;2,2;1,62;H;H
45;7380372;Brazil Serie B;2024;2024-05-15 19:00:00;5;Brusque;Operário PR;0;0;0;0;0;0;3,6;1,91;3,6;2,7;3;2,75;1,11;6,25;1,53;2,37;2,7;1,44;2,2;1,62;D;D
46;7380369;Brazil Serie B;2024;2024-05-15 19:00:00;5;Ituano;Sport Recife;0;0;0;1;0;1;4,75;2,05;2,6;4,33;3,3;1,9;1,1;6,5;1,5;2,55;2,2;1,65;2;1,73;D;H
47;7380370;Brazil Serie B;2024;2024-05-15 19:00:00;5;América Mineiro;Mirassol;0;0;0;0;0;0;2,63;2;4,75;1,91;3,2;4,33;1,06;7,9;1,41;2,75;2,35;1,57;2,1;1,67;D;D
48;7380367;Brazil Serie B;2024;2024-05-15 21:30:00;5;Ponte Preta;Santos;0;2;2;1;2;3;5;1,95;2,75;4,5;3,1;1,95;1,08;7;1,5;2,6;2,6;1,48;2,2;1,62;A;A
49;7380374;Brazil Serie B;2024;2024-05-15 21:30:00;5;Paysandu;Goiás;1;0;1;1;1;2;3,4;1,95;3,6;2,6;3,1;2,8;1,1;6,5;1,48;2,6;2,4;1,53;2,1;1,67;H;D
50;7380375;Brazil Serie B;2024;2024-05-15 21:30:00;5;Ceará;Amazonas;2;0;2;2;1;3;2,25;2,1;6,5;1,6;3,6;6,25;1,04;7,4;1,42;2,78;2,2;1,65;2,2;1,62;H;H
51;7380382;Brazil Serie B;2024;2024-05-17 19:00:00;6;CRB;Vila Nova;1;0;1;1;0;1;2,5;2;5,5;1,75;3,4;4,75;1,06;7;1,4;2,7;2,35;1,57;2,2;1,62;H;H
52;7380379;Brazil Serie B;2024;2024-05-17 21:30:00;6;Novorizontino;Coritiba;0;0;0;0;0;0;3;1,91;4,33;2,2;2,9;3,7;1,07;6,5;1,42;2,6;2,6;1,48;2,1;1,67;D;D
53;7380384;Brazil Serie B;2024;2024-05-18 17:30:00;6;Amazonas;Paysandu;1;1;2;1;1;2;3,2;1,95;4;2,35;3,1;3,2;1,08;6,75;1,5;2,43;2,4;1,53;2,1;1,67;D;D
54;7380376;Brazil Serie B;2024;2024-05-18 18:30:00;6;Goiás;Botafogo SP;2;0;2;4;0;4;2,38;2,05;6;1,67;3,5;5,75;1,09;7,5;1,5;2,45;2,3;1,6;2,2;1,62;H;H
55;7380385;Brazil Serie B;2024;2024-05-18 21:00:00;6;Sport Recife;Avaí;1;0;1;1;2;3;1,95;2,3;7,5;1,42;4,75;7;1,05;9;1,33;3,3;1,95;1,85;2,25;1,57;H;A
56;7380380;Brazil Serie B;2024;2024-05-19 11:00:00;6;Santos;Brusque;3;0;3;4;0;4;1,95;2,3;7,5;1,33;4,5;9;1,03;9,5;1,3;3,3;1,95;1,7;2,2;1,62;H;H
57;7380383;Brazil Serie B;2024;2024-05-19 16:00:00;6;Operário PR;Ceará;0;0;0;0;0;0;3;1,95;4,33;2,2;3,1;3,6;1,07;7;1,43;2,63;2,5;1,5;2,1;1,67;D;D
58;7380378;Brazil Serie B;2024;2024-05-19 16:00:00;6;Mirassol;Ituano;0;0;0;2;0;2;2,1;2,2;7;1,5;3,9;7,5;1,07;8;1,38;3;2,05;1,75;2,2;1,62;D;H
59;7380377;Brazil Serie B;2024;2024-05-20 21:00:00;6;Guarani;América Mineiro;1;1;2;1;2;3;4;1,95;3,1;3,25;3,1;2,25;1,1;6,5;1,47;2,6;2,4;1,53;2,1;1,67;D;A
60;7380381;Brazil Serie B;2024;2024-05-21 17:00:00;6;Chapecoense;Ponte Preta;0;0;0;0;0;0;3,1;1,91;4,33;2,25;2,88;3,55;1,08;6,75;1,5;2,45;2,25;1,53;2,2;1,62;D;D
61;7380390;Brazil Serie B;2024;2024-05-24 21:30:00;7;América Mineiro;Santos;1;1;2;2;1;3;3,4;1,91;3,75;2,63;3;2,9;1,08;6,5;1,42;2,62;2,5;1,5;2,1;1,67;D;H
62;7380387;Brazil Serie B;2024;2024-05-25 21:00:00;7;Guarani;Paysandu;0;0;0;0;0;0;3,2;1,91;4;2,3;2,9;3,4;1,11;6,75;1,47;2,5;2,6;1,48;2,1;1,67;D;D
63;7380389;Brazil Serie B;2024;2024-05-26 16:00:00;7;Ituano;Ponte Preta;0;0;0;2;0;2;3,75;1,91;3,4;2,45;3,04;3,05;1,09;6;1,49;2,44;2,4;1,5;2,2;1,62;D;H
64;7380386;Brazil Serie B;2024;2024-05-26 17:00:00;7;Vila Nova;Brusque;1;1;2;2;2;4;2,38;2;6;1,73;3,44;5,09;1,08;6,5;1,44;2,6;2,45;1,49;2,25;1,57;D;D
65;7380395;Brazil Serie B;2024;2024-05-26 18:30:00;7;Ceará;Chapecoense;1;1;2;2;1;3;2,3;2,2;5,5;1,67;3,7;5;1,07;8;1,4;2,9;2;1,8;1,91;1,8;D;H
66;7380393;Brazil Serie B;2024;2024-05-27 19:00:00;7;Coritiba;Operário PR;3;0;3;3;0;3;2,75;1,91;5,5;1,9;3;4,75;1,09;6,5;1,47;2,5;2,7;1,44;2,38;1,53;H;H
67;7380388;Brazil Serie B;2024;2024-05-27 21:00:00;7;Botafogo SP;Novorizontino;0;0;0;0;1;1;3,6;1,83;3,75;2,75;2,75;3;1,12;6;1,55;2,3;2,88;1,4;2,2;1,62;D;A
68;7380391;Brazil Serie B;2024;2024-05-27 21:30:00;7;Avaí;Goiás;0;0;0;2;0;2;3,5;1,95;3,5;2,8;2,9;2,8;1,09;7;1,4;2,8;2,5;1,5;2;1,73;D;H
69;7380394;Brazil Serie B;2024;2024-05-28 19:00:00;7;Amazonas;Mirassol;0;0;0;1;0;1;4;1,91;3,25;3,2;3;2,38;1,1;6,5;1,45;2,6;2,7;1,44;2,2;1,62;D;H
70;7380405;Brazil Serie B;2024;2024-05-31 19:00:00;8;Ceará;Coritiba;0;0;0;1;0;1;3;2;4;2,2;3,1;3,5;1,08;7,5;1,4;2,9;2,3;1,6;2;1,73;D;H
71;7380396;Brazil Serie B;2024;2024-05-31 21:30:00;8;Goiás;Sport Recife;1;0;1;3;0;3;3;2;4;2,3;3;3,4;1,08;7,5;1,38;3;2,25;1,62;1,91;1,8;H;H
72;7380402;Brazil Serie B;2024;2024-06-01 17:00:00;8;Brusque;Novorizontino;0;0;0;0;0;0;3,75;1,91;3,4;2,63;3,05;2,49;1,09;7;1,47;2,42;2,21;1,59;2,2;1,62;D;D
73;7380397;Brazil Serie B;2024;2024-06-02 16:00:00;8;Ponte Preta;CRB;0;0;0;4;2;6;3;1,91;4,5;2,55;2,75;3,04;1,09;6;1,52;2,4;2,56;1,45;2,2;1,62;D;H
74;7380401;Brazil Serie B;2024;2024-06-02 16:00:00;8;Chapecoense;Vila Nova;0;0;0;1;1;2;3,1;1,95;4;2,15;3,1;3,36;1,09;7;1,48;2,65;2,41;1,5;2,1;1,67;D;D
75;7380399;Brazil Serie B;2024;2024-06-02 18:30:00;8;Ituano;Avaí;0;1;1;0;1;1;3,75;1,95;3,4;2,88;3,1;2,55;1,1;6;1,48;2,37;2,5;1,5;2,1;1,67;A;A
76;7380400;Brazil Serie B;2024;2024-06-03 20:00:00;8;Santos;Botafogo SP;0;1;1;1;2;3;2,2;2;8;1,53;3,5;8,5;1,07;8;1,35;3,1;2,5;1,5;2,63;1,44;A;A
77;7380403;Brazil Serie B;2024;2024-06-03 21:00:00;8;Operário PR;Amazonas;1;0;1;1;0;1;2,5;1,95;6;1,73;3,4;5,25;1,08;7,5;1,45;2,6;2,6;1,48;2,5;1,5;H;H
1;7300970;Japan J1 League;2024;2024-02-23 02:00:00;1;Sanfrecce Hiroshima;Urawa Reds;1;0;1;2;0;2;2,63;2,05;4,75;1,93;3,26;3,95;1,08;7,5;1,4;2,8;2,2;1,62;2;1,75;H;H
2;7300968;Japan J1 League;2024;2024-02-23 06:00:00;1;Nagoya Grampus;Kashima Antlers;0;1;1;0;3;3;3,4;1,91;3,75;2,52;2,97;2,87;1,1;7;1,48;2,55;2,41;1,5;2,05;1,7;A;A
3;7300967;Japan J1 League;2024;2024-02-24 01:00:00;1;Jubilo Iwata;Vissel Kobe;0;1;1;0;2;2;5;2,2;2,38;4,6;3,6;1,7;1,05;9;1,33;3,3;1,95;1,75;1,95;1,8;A;A
4;7300971;Japan J1 League;2024;2024-02-24 02:00:00;1;Avispa Fukuoka;Consadole Sapporo;0;0;0;0;0;0;3,2;2,1;3,25;2,97;3,29;2,45;1,06;8,5;1,33;3,25;2,01;1,82;1,75;2;D;D
5;7300972;Japan J1 League;2024;2024-02-24 02:00:00;1;Sagan Tosu;Albirex Niigata;1;1;2;1;2;3;3,6;2,1;3,1;3,25;3,32;2,27;1,06;8,5;1,35;3,1;2,02;1,81;1,8;1,95;D;A
6;7300965;Japan J1 League;2024;2024-02-24 03:00:00;1;Machida Zelvia;Gamba Osaka;1;0;1;1;1;2;2,88;2,05;4;1,95;3,37;3,46;1,07;8;1,38;3;2,02;1,7;1,91;1,91;H;D
7;7300966;Japan J1 League;2024;2024-02-24 03:00:00;1;Shonan Bellmare;Kawasaki Frontale;1;1;2;1;2;3;4;2,25;2,6;3,54;3,54;2,06;1,05;9,5;1,28;3,65;1,85;1,97;1,7;2,05;D;A
8;7300969;Japan J1 League;2024;2024-02-24 03:00:00;1;Cerezo Osaka;Tokyo;1;1;2;2;2;4;2,88;2,1;4;2,15;3,33;3,52;1,07;8;1,36;3,1;2,05;1,68;1,91;1,91;D;D
9;7300963;Japan J1 League;2024;2024-02-25 02:00:00;1;Kashiwa Reysol;Kyoto Sanga;0;0;0;1;1;2;3;2;4;2;3,2;3,6;1,05;7;1,39;2,68;2,2;1,6;1,95;1,8;D;D
10;7300964;Japan J1 League;2024;2024-02-25 02:00:00;1;Tokyo Verdy;Yokohama F. Marinos;1;0;1;1;2;3;4,75;2,3;2,38;4,2;3,6;1,75;1,01;10,2;1,26;4;1,78;1,95;1,75;2;H;A
11;7326906;Japan J1 League;2024;2024-03-01 07:00:00;2;Yokohama F. Marinos;Avispa Fukuoka;0;0;0;0;1;1;2,3;2,2;4,33;1,7;3,7;4,33;1,05;9,5;1,29;3,75;1,85;2;1,7;2;D;A
12;7326905;Japan J1 League;2024;2024-03-01 07:00:00;2;Kawasaki Frontale;Jubilo Iwata;1;3;4;4;5;9;2,1;2,3;6;1,44;4,2;6,2;1,05;9,5;1,25;3,85;1,85;2,03;1,95;1,8;A;A
13;7326907;Japan J1 League;2024;2024-03-02 01:00:00;2;Vissel Kobe;Kashiwa Reysol;0;0;0;0;1;1;2,45;2,05;4,5;1,75;3,5;3,9;1,06;8,5;1,33;3,4;2,03;1,83;1,83;1,83;D;A
14;7326908;Japan J1 League;2024;2024-03-02 02:00:00;2;Nagoya Grampus;Machida Zelvia;0;1;1;0;1;1;2,63;2,05;4,5;1,6;3,6;4,8;1,07;8;1,38;3;1,75;1,95;2;1,75;A;A
15;7326909;Japan J1 League;2024;2024-03-02 02:00:00;2;Kyoto Sanga;Shonan Bellmare;1;1;2;1;2;3;3,1;2,1;3,5;2,37;3,1;2,65;1,03;8,3;1,29;3,15;1,85;1,85;1,8;1,95;D;A
16;7326910;Japan J1 League;2024;2024-03-02 02:00:00;2;Sagan Tosu;Consadole Sapporo;1;0;1;4;0;4;3,75;2,2;2,6;3,3;3,4;1,91;1,04;10;1,25;3,75;1,61;2,15;1,65;2,2;H;H
17;7326911;Japan J1 League;2024;2024-03-02 03:00:00;2;Kashima Antlers;Cerezo Osaka;0;0;0;1;1;2;2,85;2;3,75;2,1;2,9;3,25;1,04;7,4;1,4;2,8;2,25;1,57;1,95;1,8;D;D
18;7326912;Japan J1 League;2024;2024-03-02 03:00:00;2;Tokyo;Sanfrecce Hiroshima;0;0;0;1;1;2;4;2,1;2,75;2,62;3,2;2,35;1,02;8,6;1,27;3,28;1,75;1,95;1,8;1,95;D;D
19;7326913;Japan J1 League;2024;2024-03-02 03:00:00;2;Gamba Osaka;Albirex Niigata;0;0;0;1;0;1;3,1;1,95;3,45;2,35;3;2,8;1,07;8;1,36;2,95;2,15;1,61;1,85;1,9;D;H
20;7326914;Japan J1 League;2024;2024-03-03 04:00:00;2;Urawa Reds;Tokyo Verdy;0;1;1;1;1;2;2,05;2,15;5,8;1,57;3,85;5,5;1,02;8,5;1,3;3,1;2;1,7;2,08;1,72;A;D
21;7326918;Japan J1 League;2024;2024-03-09 02:00:00;3;Jubilo Iwata;Kashiwa Reysol;0;1;1;0;1;1;3,3;2,1;3;2,8;3,2;2,38;1,03;8,1;1,33;3,2;2;1,75;1,78;1,99;A;A
22;7326917;Japan J1 League;2024;2024-03-09 02:00:00;3;Albirex Niigata;Nagoya Grampus;0;0;0;1;0;1;3,1;1,95;3,5;2,5;3;2,8;1,05;6,9;1,42;2,75;2,3;1,57;1,94;1,81;D;H
23;7326915;Japan J1 League;2024;2024-03-09 02:00:00;3;Machida Zelvia;Kashima Antlers;1;0;1;1;0;1;3,75;1,93;3;2,9;3;2,4;1,08;7,5;1,44;2,7;2,38;1,53;1,98;1,79;H;H
24;7326919;Japan J1 League;2024;2024-03-09 03:00:00;3;Sanfrecce Hiroshima;Sagan Tosu;2;0;2;4;0;4;2,05;2,2;5,5;1,4;4,33;7;1,01;10,5;1,22;4;1,67;2,1;1,87;1,89;H;H
25;7326920;Japan J1 League;2024;2024-03-09 03:00:00;3;Avispa Fukuoka;Shonan Bellmare;1;1;2;1;1;2;3;1,85;4;2,2;3;3,4;1,11;6,25;1,5;2,45;2,45;1,5;2,05;1,67;D;D
26;7326921;Japan J1 League;2024;2024-03-09 04:00:00;3;Tokyo;Vissel Kobe;0;0;0;1;2;3;3,75;2,1;2,7;3,2;3,25;2,15;1,06;8,5;1,33;3,2;2;1,75;1,8;1,95;D;A
27;7326922;Japan J1 League;2024;2024-03-09 04:00:00;3;Kawasaki Frontale;Kyoto Sanga;0;0;0;0;1;1;2,25;2,25;4,5;1,7;3,7;4,4;1,05;9,5;1,25;3,75;1,78;1,95;1,76;2,01;D;A
28;7326923;Japan J1 League;2024;2024-03-09 04:00:00;3;Cerezo Osaka;Tokyo Verdy;1;0;1;2;1;3;2,75;1,91;4,2;1,9;3,25;3,9;1,04;7,8;1,38;2,9;2,15;1,65;1,94;1,82;H;H
29;7326924;Japan J1 League;2024;2024-03-10 01:05:00;3;Consadole Sapporo;Urawa Reds;0;1;1;0;1;1;3,45;2,08;3;2,7;3,4;2,4;1,02;9,1;1,25;3,42;1,85;1,85;1,68;2,1;A;A
30;7326925;Japan J1 League;2024;2024-03-16 01:00:00;4;Avispa Fukuoka;Tokyo;0;2;2;1;3;4;3,2;1,95;3,5;2,3;3;2,88;1,1;6,5;1,5;2,4;2,5;1,53;2,05;1,72;A;A
31;7326926;Japan J1 League;2024;2024-03-16 02:00:00;4;Consadole Sapporo;Machida Zelvia;0;0;0;1;2;3;3,5;1,95;3,5;2,9;3,2;2,4;1,09;7;1,45;2,7;2,05;1,72;2;1,75;D;A
32;7326927;Japan J1 League;2024;2024-03-16 02:00:00;4;Vissel Kobe;Sanfrecce Hiroshima;0;0;0;0;0;0;3,5;1,95;3,5;2,95;3,2;2,35;1,09;7;1,45;2,7;2,05;1,72;2;1,75;D;D
33;7326930;Japan J1 League;2024;2024-03-16 03:00:00;4;Sagan Tosu;Cerezo Osaka;0;0;0;0;2;2;4;2,05;2,65;3,75;3,3;1,97;1,06;8,5;1,33;3,2;2,05;1,8;1,8;1,95;D;A
34;7326929;Japan J1 League;2024;2024-03-16 03:00:00;4;Gamba Osaka;Jubilo Iwata;1;0;1;2;1;3;3;2,05;4;2,05;3,25;3,55;1,07;8;1,4;2,9;2,1;1,68;1,95;1,8;H;H
35;7326928;Japan J1 League;2024;2024-03-16 03:00:00;4;Kashiwa Reysol;Nagoya Grampus;0;1;1;0;2;2;3,25;1,95;4;2,15;3,05;3,55;1,1;6,5;1,5;2,5;2,3;1,5;2,05;1,7;A;A
36;7326931;Japan J1 League;2024;2024-03-16 04:00:00;4;Tokyo Verdy;Albirex Niigata;1;1;2;2;2;4;3,6;2;3,25;2,65;3,05;2,7;1,09;7;1,5;2,4;2,45;1,52;1,95;1,8;D;D
37;7326932;Japan J1 League;2024;2024-03-17 02:00:00;4;Kyoto Sanga;Yokohama F. Marinos;2;2;4;2;3;5;4,33;2,2;2,63;3,4;3,4;2;1,05;9;1,33;3,3;1,85;1,87;1,8;1,95;D;A
38;7326933;Japan J1 League;2024;2024-03-17 03:00:00;4;Kashima Antlers;Kawasaki Frontale;0;1;1;2;1;3;3,2;2;3,3;2,62;3,15;2,62;1,07;8;1,33;3,1;1,96;1,9;1,78;1,95;A;H
39;7326934;Japan J1 League;2024;2024-03-17 03:00:00;4;Shonan Bellmare;Urawa Reds;2;1;3;4;4;8;4;1,95;2,85;3,4;3,15;2,06;1,07;8;1,42;2,7;2,2;1,6;2;1,75;H;D
40;7326935;Japan J1 League;2024;2024-03-29 07:00:00;5;Tokyo Verdy;Kyoto Sanga;0;2;2;2;2;4;3,4;2,05;3,4;2,6;3,1;2,45;1,07;8;1,38;2,9;2,1;1,6;1,95;1,8;A;D
41;7326936;Japan J1 League;2024;2024-03-30 01:00:00;5;Sanfrecce Hiroshima;Gamba Osaka;0;0;0;1;1;2;2,1;2,25;6,5;1,56;3,68;5,38;1,05;9;1,3;3,3;1,95;1,76;2;1,75;D;D
42;7326937;Japan J1 League;2024;2024-03-30 02:00:00;5;Albirex Niigata;Kashiwa Reysol;0;1;1;1;1;2;3,25;1,95;3,75;2,48;3,1;3,1;1,09;7;1,53;2,5;2,55;1,49;2,05;1,7;A;D
43;7326938;Japan J1 League;2024;2024-03-30 02:00:00;5;Vissel Kobe;Consadole Sapporo;3;0;3;6;1;7;2,2;2,3;5;1,63;4,15;5,1;1,04;10;1,22;4;1,75;2,02;1,8;1,95;H;H
44;7326942;Japan J1 League;2024;2024-03-30 03:00:00;5;Kawasaki Frontale;Tokyo;1;0;1;3;0;3;2,5;2,25;4;1,95;3,8;3,65;1,05;9,5;1,25;3,75;1,72;2,07;1,67;2,1;H;H
45;7326941;Japan J1 League;2024;2024-03-30 03:00:00;5;Machida Zelvia;Sagan Tosu;1;1;2;3;1;4;2,38;2,2;5;1,83;3,75;4,2;1,06;8,5;1,3;3,3;2,05;1,83;1,95;1,8;D;H
46;7326940;Japan J1 League;2024;2024-03-30 03:00:00;5;Urawa Reds;Avispa Fukuoka;0;1;1;2;1;3;2,63;1,95;5;1,87;3,25;4,85;1,1;7;1,56;2,43;2,55;1,48;2,2;1,62;A;H
47;7326939;Japan J1 League;2024;2024-03-30 03:00:00;5;Kashima Antlers;Jubilo Iwata;1;0;1;1;0;1;2,25;2,25;5,5;1,67;4,05;4,9;1,05;9,5;1,28;3,5;1,92;1,96;1,95;1,8;H;H
48;7326943;Japan J1 League;2024;2024-03-30 04:00:00;5;Nagoya Grampus;Yokohama F. Marinos;0;0;0;2;1;3;3,75;2,1;2,88;3,25;3,45;2,21;1,05;9;1,3;3,3;2;1,88;1,75;2;D;H
49;7326944;Japan J1 League;2024;2024-03-30 04:00:00;5;Cerezo Osaka;Shonan Bellmare;0;0;0;2;0;2;2,75;2,05;4,33;2,04;3,4;3,75;1,07;8;1,38;2,9;2,2;1,64;1,95;1,8;D;H
50;7326952;Japan J1 League;2024;2024-04-03 07:00:00;6;Sagan Tosu;Vissel Kobe;0;0;0;0;0;0;4,5;2,15;2,3;4,45;3,9;1,53;1,04;8,45;1,26;3,5;1,73;1,98;1,75;1,93;D;D
51;7326951;Japan J1 League;2024;2024-04-03 07:00:00;6;Avispa Fukuoka;Kashima Antlers;0;0;0;1;0;1;4,2;1,93;3,44;2,84;2,94;2,27;1,11;5,45;1,51;2,4;2,6;1,43;2,1;1,62;D;H
52;7326949;Japan J1 League;2024;2024-04-03 07:00:00;6;Jubilo Iwata;Albirex Niigata;0;0;0;2;0;2;4,33;2,1;2,75;2,65;3,1;2,31;1,06;8,5;1,36;3,1;2,17;1,61;1,95;1,8;D;H
53;7326948;Japan J1 League;2024;2024-04-03 07:00:00;6;Shonan Bellmare;Tokyo Verdy;1;0;1;1;2;3;3,1;2;4;2,09;3,2;2,93;1,07;8;1,42;2,8;2,1;1,65;2;1,75;H;A
54;7326950;Japan J1 League;2024;2024-04-03 07:00:00;6;Gamba Osaka;Kyoto Sanga;0;0;0;0;0;0;2,88;2;4;2,19;3,15;2,78;1,07;8;1,45;2,7;2,17;1,61;2,05;1,7;D;D
55;7326946;Japan J1 League;2024;2024-04-03 07:00:00;6;Machida Zelvia;Sanfrecce Hiroshima;0;1;1;1;2;3;3,5;1,95;3,5;2,98;3,1;2,11;1,08;7,5;1,48;2,65;2,29;1,55;2,05;1,7;A;A
56;7326945;Japan J1 League;2024;2024-04-03 07:00:00;6;Kashiwa Reysol;Cerezo Osaka;1;1;2;1;1;2;3,1;1,95;3,5;2,32;3;2,72;1,07;6,8;1,39;2,79;2,38;1,51;1,85;1,8;D;D
57;7326947;Japan J1 League;2024;2024-04-03 07:00:00;6;Yokohama F. Marinos;Kawasaki Frontale;0;0;0;0;0;0;2,65;2,3;3,25;2,15;3,6;2,56;1,01;10,5;1,13;5,15;1,56;2,27;1,38;2,75;D;D
58;7326953;Japan J1 League;2024;2024-04-03 07:30:00;6;Consadole Sapporo;Nagoya Grampus;1;0;1;1;2;3;3,5;2,05;3,25;2,5;3,2;2,38;1,07;8;1,38;3;1,97;1,74;1,95;1,8;H;A
59;7326954;Japan J1 League;2024;2024-04-03 07:30:00;6;Tokyo;Urawa Reds;0;1;1;2;1;3;3,9;2,14;3,12;2,97;3,3;2,03;1,06;7,1;1,4;3,04;1,98;1,73;1,85;1,83;A;H
60;7326955;Japan J1 League;2024;2024-04-06 02:00:00;7;Consadole Sapporo;Gamba Osaka;0;0;0;1;0;1;3,1;2,37;3,33;2,57;3,56;2,42;1,04;10;1,22;4,2;1,7;2,1;1,53;2,3;D;H
61;7326956;Japan J1 League;2024;2024-04-07 01:00:00;7;Tokyo Verdy;Kashiwa Reysol;1;0;1;1;1;2;3,5;2;3,4;2,54;2,94;2,54;1,08;7,5;1,42;2,8;2,2;1,6;1,95;1,8;H;D
62;7326959;Japan J1 League;2024;2024-04-07 02:00:00;7;Vissel Kobe;Yokohama F. Marinos;0;0;0;1;2;3;2,4;2,3;4;1,95;3,5;3,5;1,02;9,05;1,21;3,97;1,65;2,1;1,6;2,2;D;A
63;7326957;Japan J1 League;2024;2024-04-07 02:00:00;7;Albirex Niigata;Cerezo Osaka;0;0;0;0;1;1;3,6;2;3,1;2,88;3;2,5;1,08;6,5;1,41;2,7;2,25;1,57;1,91;1,8;D;A
64;7326958;Japan J1 League;2024;2024-04-07 02:00:00;7;Kyoto Sanga;Jubilo Iwata;0;0;0;0;3;3;2,4;2,1;5;2,2;3,3;3,1;1,07;8;1,33;3,25;1,95;1,75;1,91;1,91;D;A
65;7326960;Japan J1 League;2024;2024-04-07 02:00:00;7;Sanfrecce Hiroshima;Shonan Bellmare;0;0;0;2;0;2;2,1;2,25;6;1,48;4;6,5;1,06;8,5;1,3;3,45;1,8;1,91;1,95;1,8;D;H
66;7326962;Japan J1 League;2024;2024-04-07 03:00:00;7;Kawasaki Frontale;Machida Zelvia;0;1;1;0;1;1;2,88;2,1;3,75;2,2;3,3;3,1;1,07;8;1,35;3,1;1,95;1,75;1,8;1,95;A;A
67;7326963;Japan J1 League;2024;2024-04-07 03:00:00;7;Nagoya Grampus;Avispa Fukuoka;0;0;0;0;0;0;3;2;4;2,3;3;3,2;1,08;7,5;1,55;2,3;2,5;1,46;1,95;1,8;D;D
68;7326961;Japan J1 League;2024;2024-04-07 03:00:00;7;Urawa Reds;Sagan Tosu;1;0;1;3;0;3;2,16;2,4;5,95;1,6;3,8;5,25;1,05;9,5;1,25;3,6;1,8;1,91;1,87;1,87;H;H
69;7326964;Japan J1 League;2024;2024-04-07 05:00:00;7;Tokyo;Kashima Antlers;0;0;0;2;0;2;3,75;2,13;3,23;3;3;2,4;1,04;7,6;1,36;2,8;2,2;1,6;1,9;1,93;D;H
70;7326916;Japan J1 League;2024;2024-04-10 07:00:00;3;Yokohama F. Marinos;Gamba Osaka;0;0;0;2;0;2;2,38;2,49;4,47;1,87;3,61;3,38;1,02;9,65;1,21;4,67;1,62;2,16;1,62;2,35;D;H
71;7326965;Japan J1 League;2024;2024-04-12 07:00:00;8;Kashiwa Reysol;Urawa Reds;0;0;0;1;0;1;3,4;1,91;3,3;2,63;2,98;2,55;1,09;7;1,45;2,7;2,25;1,57;1,91;1,77;D;H
72;7326966;Japan J1 League;2024;2024-04-13 02:00:00;8;Yokohama F. Marinos;Shonan Bellmare;1;1;2;2;2;4;2,2;2,3;5,5;1,75;3,7;4,1;1,04;10;1,25;3,8;1,68;2,1;1,8;1,95;D;D
73;7326967;Japan J1 League;2024;2024-04-13 02:00:00;8;Albirex Niigata;Consadole Sapporo;0;1;1;1;1;2;3;2,05;3,35;2,38;3,25;2,88;1,05;9;1,3;3,4;1,91;1,84;1,7;2;A;D
74;7326968;Japan J1 League;2024;2024-04-13 02:00:00;8;Jubilo Iwata;Nagoya Grampus;0;1;1;0;1;1;3,6;2,1;3,1;2,6;3,05;2,75;1,07;8;1,33;3,1;2,2;1,64;1,8;1,95;A;A
75;7326969;Japan J1 League;2024;2024-04-13 02:00:00;8;Avispa Fukuoka;Sanfrecce Hiroshima;1;1;2;1;1;2;5,5;2,05;2,5;5;3,45;1,7;1,08;7,5;1,4;2,8;2,32;1,58;2,05;1,7;D;D
76;7326970;Japan J1 League;2024;2024-04-13 03:00:00;8;Kashima Antlers;Kyoto Sanga;0;0;0;1;0;1;2,5;2,1;5;1,81;3,35;4,35;1,04;7,5;1,38;2,9;2,23;1,61;2;1,75;D;H
77;7326971;Japan J1 League;2024;2024-04-13 03:00:00;8;Machida Zelvia;Vissel Kobe;0;1;1;1;2;3;3,4;2,05;3,4;3;3,15;2,35;1,06;8,5;1,4;2,8;2,18;1,65;1,95;1,8;A;A
78;7326972;Japan J1 League;2024;2024-04-13 03:00:00;8;Cerezo Osaka;Kawasaki Frontale;0;0;0;1;0;1;3,25;2;3,2;2,7;3,15;2,6;1,02;8,6;1,34;3,36;2;1,76;1,73;1,95;D;H
79;7326973;Japan J1 League;2024;2024-04-13 04:00:00;8;Tokyo Verdy;Tokyo;2;0;2;2;2;4;3,2;2,1;3,4;2,5;3,05;2,88;1,02;8,6;1,3;3,3;2,2;1,63;1,7;2,05;H;D
80;7326974;Japan J1 League;2024;2024-04-14 03:00:00;8;Gamba Osaka;Sagan Tosu;1;1;2;2;1;3;2,38;2,2;4,75;1,64;4,1;5,2;1,05;9,5;1,28;3,5;1,9;1,9;1,91;1,91;D;H
81;7326975;Japan J1 League;2024;2024-04-20 02:00:00;9;Consadole Sapporo;Sanfrecce Hiroshima;1;0;1;1;1;2;4,5;2,1;2,6;4,1;3,75;1,92;1,06;7,5;1,35;2,94;2,01;1,85;1,95;1,8;H;D
82;7326977;Japan J1 League;2024;2024-04-20 02:00:00;9;Kyoto Sanga;Albirex Niigata;0;0;0;0;1;1;3,1;2,05;3,6;2,43;3,65;2,9;1,06;7,25;1,39;2,79;2,17;1,61;1,95;1,8;D;A
83;7326978;Japan J1 League;2024;2024-04-20 02:00:00;9;Sagan Tosu;Kashima Antlers;2;1;3;4;2;6;4,65;2,1;2,49;4,1;3,5;1,92;1,03;8,3;1,32;2,98;1,91;1,79;1,89;1,85;H;H
84;7326979;Japan J1 League;2024;2024-04-20 03:00:00;9;Shonan Bellmare;Vissel Kobe;0;0;0;0;1;1;4,33;2,1;2,45;4,6;3,7;1,79;1,05;9;1,3;3,3;1,99;1,83;1,83;1,9;D;A
85;7326980;Japan J1 League;2024;2024-04-20 03:00:00;9;Avispa Fukuoka;Jubilo Iwata;0;1;1;2;2;4;3,1;2,05;3,75;2,37;3,2;3,4;1,06;7,1;1,33;3,03;2,3;1,54;1,91;1,91;A;D
86;7326981;Japan J1 League;2024;2024-04-20 04:00:00;9;Urawa Reds;Gamba Osaka;0;0;0;0;1;1;2,49;2,08;4,75;1,88;3,55;4,3;1,03;8;1,33;2,92;2,08;1,66;1,94;1,81;D;A
87;7326982;Japan J1 League;2024;2024-04-20 04:00:00;9;Kawasaki Frontale;Tokyo Verdy;0;0;0;0;0;0;2,5;2,2;4,75;1,88;3,75;4,3;1,05;9;1,3;3,4;2;1,89;1,8;1,95;D;D
88;7326983;Japan J1 League;2024;2024-04-21 03:00:00;9;Tokyo;Machida Zelvia;1;2;3;1;2;3;3,25;2,1;3,25;2,55;3,4;2,55;1,05;7,65;1,34;2,99;2,05;1,7;1,91;1,91;A;A
89;7326984;Japan J1 League;2024;2024-04-21 03:00:00;9;Nagoya Grampus;Cerezo Osaka;0;0;0;2;1;3;3,1;2,05;3,75;2,35;3,5;2,8;1,06;7,1;1,41;2,71;2,2;1,6;1,95;1,8;D;H
90;7326985;Japan J1 League;2024;2024-04-27 01:00:00;10;Consadole Sapporo;Shonan Bellmare;2;0;2;3;3;6;2,7;2,15;3,6;2,09;3,5;3,05;1,05;9,5;1,22;4;1,71;1,97;1,62;2,25;H;D
91;7326987;Japan J1 League;2024;2024-04-27 02:00:00;10;Jubilo Iwata;Machida Zelvia;0;0;0;2;0;2;3,25;2,1;3,25;1,94;4,37;2,74;1,02;8,6;1,29;3,15;2,15;1,65;1,8;1,95;D;H
92;7326988;Japan J1 League;2024;2024-04-27 02:00:00;10;Vissel Kobe;Kyoto Sanga;0;0;0;0;1;1;2,3;2,2;5,5;1,1;9,02;10,32;1,02;8,7;1,29;3,15;1,95;1,8;1,95;1,8;D;A
93;7326986;Japan J1 League;2024;2024-04-27 02:00:00;10;Albirex Niigata;Tokyo;0;1;1;1;3;4;2,88;2,04;3,92;1,6;4,71;3,67;1,04;7,8;1,35;2,84;2,1;1,7;1,89;1,85;A;A
94;7326989;Japan J1 League;2024;2024-04-27 03:00:00;10;Cerezo Osaka;Yokohama F. Marinos;1;1;2;2;2;4;2,82;2,18;3,58;2,81;2,65;2,67;1,01;9,8;1,24;3,5;1,88;1,98;1,67;2,12;D;D
95;7326990;Japan J1 League;2024;2024-04-28 02:00:00;10;Tokyo Verdy;Avispa Fukuoka;0;0;0;0;0;0;3,5;1,95;3,5;3,95;3,63;1,72;1,08;7,5;1,51;2,4;2,25;1,53;2,05;1,7;D;D
96;7326991;Japan J1 League;2024;2024-04-28 02:00:00;10;Sanfrecce Hiroshima;Kawasaki Frontale;1;0;1;2;2;4;2,38;2,2;5;4,11;3,44;1,74;1,06;8,5;1,3;3,3;2,04;1,8;1,95;1,8;H;D
97;7326992;Japan J1 League;2024;2024-04-28 03:00:00;10;Urawa Reds;Nagoya Grampus;1;0;1;2;1;3;2,63;2,05;4,75;1,98;2,09;7,9;1,07;8;1,42;2,75;2,2;1,55;2,05;1,7;H;H
98;7326993;Japan J1 League;2024;2024-04-28 03:00:00;10;Kashiwa Reysol;Sagan Tosu;1;1;2;1;1;2;2,38;2,2;5;1,81;2,28;8,33;1,06;8,5;1,3;3,35;1,98;1,86;1,8;1,95;D;D
99;7326994;Japan J1 League;2024;2024-04-28 03:00:00;10;Gamba Osaka;Kashima Antlers;1;1;2;1;2;3;3,6;2;3,4;2,63;1,83;5,42;1,08;7,5;1,45;2,65;2,25;1,53;2;1,75;D;A
100;7326995;Japan J1 League;2024;2024-05-03 02:00:00;11;Yokohama F. Marinos;Jubilo Iwata;0;0;0;1;1;2;2,6;2,43;4,03;1,99;3,58;3,05;1,04;10;1,18;4,15;1,57;2,27;1,59;2,27;D;D
101;7326996;Japan J1 League;2024;2024-05-03 02:00:00;11;Albirex Niigata;Sanfrecce Hiroshima;0;0;0;1;1;2;4,7;1,96;2,2;4,55;3,47;1,67;1,01;3,15;1,35;3,15;1,99;1,74;1,8;1,73;D;D
102;7326997;Japan J1 League;2024;2024-05-03 03:00:00;11;Kashima Antlers;Shonan Bellmare;0;0;0;3;1;4;2,49;2,22;5,15;1,72;3,55;4,15;1,03;8,2;1,32;2,98;1,95;1,77;1,95;1,8;D;H
103;7326998;Japan J1 League;2024;2024-05-03 03:00:00;11;Tokyo;Kyoto Sanga;2;0;2;2;1;3;2,88;2,1;3,75;2,1;3,13;3,2;1,06;8,5;1,35;3,1;1,99;1,74;1,8;1,95;H;H
104;7326999;Japan J1 League;2024;2024-05-03 03:00:00;11;Machida Zelvia;Kashiwa Reysol;1;0;1;2;0;2;3,28;2,08;3,83;2,3;3,18;2,81;1,08;7,5;1,42;2,8;2,16;1,63;1,9;1,77;H;H
105;7327000;Japan J1 League;2024;2024-05-03 03:00:00;11;Cerezo Osaka;Consadole Sapporo;0;1;1;1;1;2;2,4;2,2;4;1,94;3,55;3,23;1,05;9,5;1,25;3,85;1,67;2,11;1,62;2,1;A;D
106;7327001;Japan J1 League;2024;2024-05-03 03:00:00;11;Sagan Tosu;Tokyo Verdy;0;1;1;0;2;2;3,75;2,1;3;2,8;3,27;2,25;1,07;8;1,35;3,1;1,99;1,74;1,8;1,95;A;A
107;7327003;Japan J1 League;2024;2024-05-03 04:00:00;11;Avispa Fukuoka;Gamba Osaka;1;0;1;1;0;1;3,37;2;4,02;2,31;3,05;2,91;1,1;6,5;1,49;2,46;2,38;1,53;2,05;1,67;H;H
108;7327002;Japan J1 League;2024;2024-05-03 04:00:00;11;Kawasaki Frontale;Urawa Reds;1;1;2;3;1;4;3,16;2,21;3,62;2,33;3,37;2,63;1,02;8,6;1,29;3,15;2,01;1,79;1,78;1,97;D;H
109;7327004;Japan J1 League;2024;2024-05-03 07:00:00;11;Nagoya Grampus;Vissel Kobe;0;1;1;0;2;2;4;1,88;2,52;3,6;3,2;1,94;1,01;2,88;1,42;2,88;2,07;1,69;1,91;1,87;A;A
110;7327006;Japan J1 League;2024;2024-05-06 01:00:00;12;Vissel Kobe;Albirex Niigata;2;0;2;3;2;5;2,17;2,32;6,66;1,59;3,98;5,75;1,05;7,7;1,32;3,12;2,06;1,76;2,14;1,75;H;H
111;7327005;Japan J1 League;2024;2024-05-06 01:00:00;12;Tokyo Verdy;Jubilo Iwata;2;0;2;3;2;5;3;1,95;3,6;2,4;3,24;3,05;1,05;8;1,36;2,88;2,23;1,66;1,83;1,83;H;H
112;7327007;Japan J1 League;2024;2024-05-06 01:05:00;12;Gamba Osaka;Cerezo Osaka;1;0;1;1;0;1;3,6;2,16;3,34;2,74;3,32;2,58;1,05;8;1,36;2,9;2,12;1,73;1,87;1,98;H;H
113;7327010;Japan J1 League;2024;2024-05-06 02:00:00;12;Avispa Fukuoka;Kawasaki Frontale;0;0;0;1;1;2;4,17;2,11;3,08;3,15;3,15;2,25;1,08;7,5;1,42;2,8;2,3;1,58;1,9;1,77;D;D
114;7327009;Japan J1 League;2024;2024-05-06 02:00:00;12;Kyoto Sanga;Machida Zelvia;0;1;1;0;3;3;4;2;2,7;3,35;3,35;2,1;1,04;8,5;1,33;3;2,08;1,7;1,85;1,85;A;A
115;7327008;Japan J1 League;2024;2024-05-06 02:00:00;12;Consadole Sapporo;Tokyo;1;1;2;1;2;3;2,8;2,2;3,5;2,3;3,45;2,88;1,02;10;1,22;3,8;1,72;2,07;1,57;2,2;D;A
116;7327011;Japan J1 League;2024;2024-05-06 03:00:00;12;Sanfrecce Hiroshima;Nagoya Grampus;1;2;3;2;3;5;2,05;2,25;7;1,42;4,25;7,5;1,05;7,95;1,31;3,15;2;1,77;2,2;1,62;A;A
117;7327012;Japan J1 League;2024;2024-05-06 04:00:00;12;Kashiwa Reysol;Kashima Antlers;0;1;1;1;2;3;3,41;2,05;3,86;2,6;3;2,85;1,08;6,5;1,42;2,62;2,4;1,54;2;1,73;A;A
118;7327013;Japan J1 League;2024;2024-05-06 04:00:00;12;Shonan Bellmare;Sagan Tosu;1;1;2;2;1;3;2,6;2,25;4;1,9;3,55;3,7;1,04;8,45;1,25;3,55;1,79;1,97;1,7;2,05;D;H
119;7327014;Japan J1 League;2024;2024-05-06 05:00:00;12;Urawa Reds;Yokohama F. Marinos;1;0;1;2;1;3;2,5;2,3;3,75;2;3,7;3,25;1,01;11;1,22;3,8;1,64;2,18;1,57;2,25;H;H
120;7327016;Japan J1 League;2024;2024-05-11 02:00:00;13;Albirex Niigata;Urawa Reds;0;1;1;2;4;6;4,03;2,11;3,09;3;3;2,2;1,06;7,5;1,38;2,8;2,1;1,65;1,91;1,8;A;A
121;7327018;Japan J1 League;2024;2024-05-11 02:00:00;13;Kyoto Sanga;Avispa Fukuoka;1;1;2;2;3;5;3,64;1,9;3,42;2,7;2,8;2,55;1,07;6,4;1,5;2,45;2,4;1,5;2,04;1,73;D;A
122;7327017;Japan J1 League;2024;2024-05-11 02:00:00;13;Jubilo Iwata;Sagan Tosu;0;1;1;0;3;3;2,41;2,2;4,5;1,87;3,4;3,5;1,01;9,6;1,25;3,42;1,8;1,91;1,75;2,01;A;A
123;7327020;Japan J1 League;2024;2024-05-11 03:00:00;13;Shonan Bellmare;Machida Zelvia;0;0;0;0;0;0;4,5;2,09;2,55;3,4;3,2;1,95;1,03;8,4;1,28;3,18;1,95;1,78;1,81;1,93;D;D
124;7327019;Japan J1 League;2024;2024-05-11 03:00:00;13;Kawasaki Frontale;Consadole Sapporo;3;0;3;3;0;3;2,25;2,43;4,2;1,7;3,7;3,75;1,02;10;1,13;4,8;1,52;2,36;1,53;2,4;H;H
125;7327021;Japan J1 League;2024;2024-05-11 04:00:00;13;Nagoya Grampus;Gamba Osaka;0;0;0;0;1;1;3,3;1,93;3,7;2,38;2,9;2,8;1,06;6,75;1,41;2,61;2,38;1,53;1,97;1,78;D;A
126;7327022;Japan J1 League;2024;2024-05-11 04:00:00;13;Cerezo Osaka;Vissel Kobe;0;2;2;1;4;5;4,08;2,14;3,01;2,9;3;2,25;1,04;7,5;1,35;2,84;2,15;1,62;1,87;1,89;A;A
127;7327023;Japan J1 League;2024;2024-05-11 05:00:00;13;Tokyo;Kashiwa Reysol;3;1;4;3;3;6;3,28;2,02;3,42;2,6;3;2,5;1,04;7,8;1,32;2,98;2,1;1,65;1,82;1,92;H;D
128;7327024;Japan J1 League;2024;2024-05-12 01:05:00;13;Kashima Antlers;Tokyo Verdy;2;0;2;3;3;6;2,62;1,99;4,75;1,9;3,2;4,25;1,05;6,9;1,42;2,57;2,38;1,54;2,08;1,7;H;D
129;7327032;Japan J1 League;2024;2024-05-15 07:00:00;14;Sanfrecce Hiroshima;Kashima Antlers;0;2;2;1;3;4;2,2;2,1;5,25;1,62;3,75;5,5;1,03;8,2;1,36;3,22;1,95;1,75;2,05;1,67;A;A
130;7327030;Japan J1 League;2024;2024-05-15 07:00:00;14;Nagoya Grampus;Tokyo;1;0;1;3;1;4;3,18;2,13;3,82;2,4;3,2;3;1,08;7,5;1,39;3,08;2,15;1,62;1,85;1,83;H;H
131;7327025;Japan J1 League;2024;2024-05-15 07:00:00;14;Consadole Sapporo;Jubilo Iwata;1;0;1;1;0;1;2,8;2,2;3,5;2,3;3,4;3;1,02;10;1,22;3,8;1,62;2,15;1,57;2,25;H;H
132;7327026;Japan J1 League;2024;2024-05-15 07:00:00;14;Kashiwa Reysol;Shonan Bellmare;0;0;0;2;1;3;2,59;2,24;4,69;1,95;3,3;3,8;1,06;8,5;1,34;3,39;2,05;1,8;1,8;1,85;D;H
133;7327027;Japan J1 League;2024;2024-05-15 07:00:00;14;Tokyo Verdy;Gamba Osaka;0;0;0;0;0;0;3,34;2,09;3,73;2,45;3,1;3;1,08;6,55;1,42;2,94;2,2;1,6;1,98;1,85;D;D
134;7327028;Japan J1 League;2024;2024-05-15 07:00:00;14;Machida Zelvia;Cerezo Osaka;0;0;0;2;1;3;3,15;2,12;3,9;2,38;3,25;3;1,04;7,4;1,4;3,03;2,15;1,62;1,92;1,82;D;H
135;7327029;Japan J1 League;2024;2024-05-15 07:00:00;14;Albirex Niigata;Yokohama F. Marinos;0;1;1;3;1;4;3,2;2,1;3,2;2,55;3,4;2,63;1,05;9;1,28;3,6;1,83;2,03;1,66;2,15;A;H
136;7327033;Japan J1 League;2024;2024-05-15 07:00:00;14;Sagan Tosu;Kawasaki Frontale;3;2;5;5;2;7;4,65;2,42;2,4;4,2;3,75;1,8;1,04;10;1,22;4;1,7;2;1,66;2,15;H;H
137;7327031;Japan J1 League;2024;2024-05-15 07:00:00;14;Vissel Kobe;Avispa Fukuoka;0;0;0;1;0;1;2,33;2,11;6,9;1,67;3,3;6;1,06;6,65;1,44;2,5;2,4;1,5;2,36;1,55;D;H
138;7327034;Japan J1 League;2024;2024-05-15 07:30:00;14;Urawa Reds;Kyoto Sanga;1;0;1;3;0;3;2,15;2,25;5;1,62;3,8;5,5;1,05;9,5;1,28;3,5;1,98;1,88;1,9;1,83;H;H
139;7327035;Japan J1 League;2024;2024-05-18 04:00:00;15;Avispa Fukuoka;Cerezo Osaka;0;2;2;0;3;3;3,75;1,91;3,4;2,63;2,96;2,41;1,11;6,5;1,5;2,37;2,55;1,45;2,1;1,67;A;A
140;7327036;Japan J1 League;2024;2024-05-18 07:00:00;15;Sagan Tosu;Nagoya Grampus;0;1;1;0;2;2;3,75;2,05;3;2,83;3,25;2,12;1,06;8,5;1,33;3,2;2,01;1,71;1,91;1,91;A;A
141;7327037;Japan J1 League;2024;2024-05-19 02:00:00;15;Machida Zelvia;Tokyo Verdy;2;0;2;5;0;5;2,6;2,05;4,75;1,9;3,2;4,4;1,07;7;1,42;2,62;2,28;1,58;2;1,75;H;H
142;7327038;Japan J1 League;2024;2024-05-19 02:00:00;15;Jubilo Iwata;Urawa Reds;0;0;0;1;1;2;4,36;2,28;2,66;3,6;3,5;1,98;1,03;9;1,27;3,28;1,9;1,85;1,75;2;D;D
143;7327039;Japan J1 League;2024;2024-05-19 02:00:00;15;Kyoto Sanga;Sanfrecce Hiroshima;0;3;3;0;5;5;6,5;2,43;2,08;6,5;3,9;1,52;1,05;9,5;1,25;3,6;1,83;1,93;1,95;1,8;A;A
144;7327042;Japan J1 League;2024;2024-05-19 03:00:00;15;Gamba Osaka;Kawasaki Frontale;1;1;2;3;1;4;3,5;2,2;3;2,9;3,4;2,35;1,05;9;1,28;3,5;1,85;1,9;1,7;2,05;D;H
145;7327040;Japan J1 League;2024;2024-05-19 03:00:00;15;Kashima Antlers;Vissel Kobe;0;0;0;1;0;1;4;2,05;3;3,3;3,25;2,2;1,06;8,5;1,36;2,95;2,16;1,66;1,95;1,8;D;H
146;7327041;Japan J1 League;2024;2024-05-19 03:00:00;15;Tokyo;Yokohama F. Marinos;0;1;1;1;1;2;3,1;2,3;3,1;2,5;3,4;2,7;1,01;11;1,22;4,45;1,65;2,17;1,57;2,25;A;D
147;7327043;Japan J1 League;2024;2024-05-19 04:00:00;15;Kashiwa Reysol;Consadole Sapporo;1;0;1;2;1;3;2,5;2,25;4,33;1,85;3,75;3,9;1,01;10;1,22;3,66;1,76;2;1,7;2,05;H;H
148;7327044;Japan J1 League;2024;2024-05-19 04:00:00;15;Shonan Bellmare;Albirex Niigata;1;1;2;2;1;3;3,25;2,1;3,4;2,7;3,1;2,7;1,03;8,1;1,3;3,1;2,02;1,75;1,75;2;D;H
149;7327045;Japan J1 League;2024;2024-05-25 02:00:00;16;Consadole Sapporo;Kashima Antlers;0;1;1;0;3;3;3,91;2,3;2,82;3,4;3,5;2,03;1,01;9,6;1,23;3,58;1,74;2;1,66;2,14;A;A
150;7327046;Japan J1 League;2024;2024-05-25 02:00:00;16;Jubilo Iwata;Shonan Bellmare;1;2;3;3;2;5;3,21;2,21;3,57;2,63;3,2;2,63;1,06;8,5;1,33;3,3;1,85;1,87;1,7;2;A;H
151;7327049;Japan J1 League;2024;2024-05-25 04:00:00;16;Albirex Niigata;Avispa Fukuoka;0;1;1;1;2;3;3,42;1,97;4,06;2,34;2,86;3,1;1,1;6,5;1,48;2,45;2,55;1,45;2;1,7;A;A
152;7327047;Japan J1 League;2024;2024-05-25 04:00:00;16;Kawasaki Frontale;Kashiwa Reysol;1;0;1;1;1;2;2,87;2,27;3,91;2,06;3,26;3,26;1,02;10;1,29;3,4;1,87;1,84;1,67;2,05;H;D
153;7327050;Japan J1 League;2024;2024-05-26 02:00:00;16;Vissel Kobe;Tokyo Verdy;0;0;0;0;1;1;2,25;2,2;6;1,57;3,8;5,5;1,03;8,5;1,3;3,2;2;1,73;2,05;1,7;D;A
154;7327053;Japan J1 League;2024;2024-05-26 03:00:00;16;Cerezo Osaka;Sanfrecce Hiroshima;0;0;0;1;1;2;4,5;2,1;2,6;3,75;3,3;1,95;1,07;8;1,33;3,2;2;1,73;1,91;1,91;D;D
155;7327052;Japan J1 League;2024;2024-05-26 03:00:00;16;Nagoya Grampus;Kyoto Sanga;0;1;1;1;1;2;2,75;2,05;4,5;1,91;3,25;4;1,07;6,5;1,35;2,9;2,2;1,6;1,95;1,8;A;D
156;7327051;Japan J1 League;2024;2024-05-26 03:00:00;16;Tokyo;Gamba Osaka;0;0;0;0;1;1;3,1;2,05;3,6;2,4;3;3;1,08;7,5;1,36;3;2,1;1,67;1,8;1,95;D;A
157;7327054;Japan J1 League;2024;2024-05-26 04:00:00;16;Urawa Reds;Machida Zelvia;0;0;0;1;2;3;3,2;2,05;3,6;2,38;3,2;2,88;1,08;7,5;1,36;3;2,1;1,67;1,8;1,95;D;A
158;7326976;Japan J1 League;2024;2024-05-29 07:00:00;9;Yokohama F. Marinos;Kashiwa Reysol;2;0;2;4;0;4;2,8;2,15;3,35;2,34;3,65;3,05;1,04;10;1,23;4,37;1,62;2,23;1,55;2,25;H;H
159;7327055;Japan J1 League;2024;2024-05-31 07:00:00;17;Sagan Tosu;Tokyo;0;1;1;0;1;1;3,55;2,26;3,13;2,9;3,3;2,4;1,02;10;1,29;3,4;1,87;1,89;1,7;2,08;A;A
160;7327056;Japan J1 League;2024;2024-06-01 02:00:00;17;Sanfrecce Hiroshima;Jubilo Iwata;1;0;1;2;0;2;1,87;2,58;8,01;1,37;4,95;8,2;1,02;10;1,22;3,8;1,68;2,15;2;1,73;H;H
161;7327057;Japan J1 League;2024;2024-06-01 03:00:00;17;Kashima Antlers;Yokohama F. Marinos;0;1;1;3;2;5;2,63;2,3;3,75;2,14;3,7;3,15;1,04;10;1,19;4;1,66;2,15;1,57;2,25;A;H
162;7327058;Japan J1 League;2024;2024-06-01 03:00:00;17;Machida Zelvia;Albirex Niigata;1;2;3;1;3;4;2,34;2,08;5,4;1,71;3,7;5;1,05;8;1,36;2,88;2,15;1,66;2,04;1,74;A;A
163;7327059;Japan J1 League;2024;2024-06-01 03:00:00;17;Shonan Bellmare;Gamba Osaka;0;1;1;1;2;3;3,41;2,15;3,47;2,67;3,24;2,69;1,03;8;1,31;3,04;2,05;1,72;1,8;1,95;A;A
164;7327060;Japan J1 League;2024;2024-06-01 04:00:00;17;Urawa Reds;Vissel Kobe;0;1;1;1;1;2;3,77;2,17;3,14;3,05;3,36;2,33;1,04;8,5;1,33;3,4;2;1,75;1,8;1,96;A;D
165;7327061;Japan J1 League;2024;2024-06-01 07:00:00;17;Kyoto Sanga;Cerezo Osaka;0;1;1;1;1;2;4,25;2,07;2,67;3,75;3,5;1,99;1,03;8,1;1,33;2,93;2,1;1,7;1,87;1,87;A;D
166;7327062;Japan J1 League;2024;2024-06-02 01:05:00;17;Tokyo Verdy;Consadole Sapporo;3;1;4;5;3;8;3;2,2;3,5;2,26;3,27;2,84;1,01;9,2;1,26;3,34;1,89;1,82;1,72;2,05;H;H
167;7327063;Japan J1 League;2024;2024-06-02 05:13:00;17;Kawasaki Frontale;Nagoya Grampus;2;0;2;2;1;3;2,54;2,17;4,2;2,02;3,19;3,42;1,01;9,3;1,26;3,34;2,02;1,86;1,75;2;H;H
168;7327064;Japan J1 League;2024;2024-06-02 07:00:00;17;Kashiwa Reysol;Avispa Fukuoka;0;2;2;0;2;2;2,71;1,94;4,8;2,06;3,01;3,53;1,06;6,5;1,57;2,4;2,5;1,47;2,13;1,69;A;A
